Workbook

Sheet DB_Logs
A1: Дата | B1: Время | C1: ФИО Сотрудника | D1: Тип (Приход\Уход) | E1: Tg_ID

Sheet Отчет_Декабрь
A1: ФИО Сотрудника | B1: ИТОГО | C1: 45992 | F1: 45993 | I1: 45994 | L1: 45995 | O1: 45996 | R1: 45997 | U1: 45998 | X1: 45999 | AA1: 46000 | AD1: 46001 | AG1: 46002 | AJ1: 46003 | AM1: 46004 | AP1: 46005 | AS1: 46006 | AV1: 46007 | AY1: 46008 | BB1: 46009 | BE1: 46010 | BH1: 46011 | BK1: 46012 | BN1: 46013 | BQ1: 46014 | BT1: 46015 | BW1: 46016 | BZ1: 46017 | CC1: 46018 | CF1: 46019 | CI1: 46020 | CL1: 46021 | CO1: 46022
C2: Часы | D2: Приход | E2: Уход | F2: Часы | G2: Приход | H2: Уход | I2: Часы | J2: Приход | K2: Уход | L2: Часы | M2: Приход | N2: Уход | O2: Часы | P2: Приход | Q2: Уход | R2: Часы | S2: Приход | T2: Уход | U2: Часы | V2: Приход | W2: Уход | X2: Часы | Y2: Приход | Z2: Уход | AA2: Часы | AB2: Приход | AC2: Уход | AD2: Часы | AE2: Приход | AF2: Уход | AG2: Часы | AH2: Приход | AI2: Уход | AJ2: Часы | AK2: Приход | AL2: Уход | AM2: Часы | AN2: Приход | AO2: Уход | AP2: Часы | AQ2: Приход | AR2: Уход | AS2: Часы | AT2: Приход | AU2: Уход | AV2: Часы | AW2: Приход | AX2: Уход | AY2: Часы | AZ2: Приход | BA2: Уход | BB2: Часы | BC2: Приход | BD2: Уход | BE2: Часы | BF2: Приход | BG2: Уход | BH2: Часы | BI2: Приход | BJ2: Уход | BK2: Часы | BL2: Приход | BM2: Уход | BN2: Часы | BO2: Приход | BP2: Уход | BQ2: Часы | BR2: Приход | BS2: Уход | BT2: Часы | BU2: Приход | BV2: Уход | BW2: Часы | BX2: Приход | BY2: Уход | BZ2: Часы | CA2: Приход | CB2: Уход | CC2: Часы | CD2: Приход | CE2: Уход | CF2: Часы | CG2: Приход | CH2: Уход | CI2: Часы | CJ2: Приход | CK2: Уход | CL2: Часы | CM2: Приход | CN2: Уход | CO2: Часы | CP2: Приход | CQ2: Уход
A3: Сотрудник 1 | B3: =SUMIF($2:$2, "Часы", 3:3) -> 0 | C3: =IF(OR(D3="", E3=""), "", (FLOOR(E3, "1:00") - CEILING(D3 - "00:10", "1:00") + (FLOOR(E3, "1:00") < CEILING(D3 - "00:10", "1:00"))) * 24) -> 0 | D3: =IFERROR(MINIFS(DB_Logs!$B:$B, DB_Logs!$A:$A, C$1, DB_Logs!$C:$C, $A3), "") -> 0 | E3: =IFERROR(MAXIFS(DB_Logs!$B:$B, DB_Logs!$A:$A, C$1, DB_Logs!$C:$C, $A3), "") -> 0 | F3: =IF(OR(G3="", H3=""), "", (FLOOR(H3, "1:00") - CEILING(G3 - "00:10", "1:00") + (FLOOR(H3, "1:00") < CEILING(G3 - "00:10", "1:00"))) * 24) -> 0 | G3: =IFERROR(MINIFS(DB_Logs!$B:$B, DB_Logs!$A:$A, F$1, DB_Logs!$C:$C, $A3), "") -> 0 | H3: =IFERROR(MAXIFS(DB_Logs!$B:$B, DB_Logs!$A:$A, F$1, DB_Logs!$C:$C, $A3), "") -> 0 | I3: =IF(OR(J3="", K3=""), "", (FLOOR(K3, "1:00") - CEILING(J3 - "00:10", "1:00") + (FLOOR(K3, "1:00") < CEILING(J3 - "00:10", "1:00"))) * 24) -> 0 | J3: =IFERROR(MINIFS(DB_Logs!$B:$B, DB_Logs!$A:$A, I$1, DB_Logs!$C:$C, $A3), "") -> 0 | K3: =IFERROR(MAXIFS(DB_Logs!$B:$B, DB_Logs!$A:$A, I$1, DB_Logs!$C:$C, $A3), "") -> 0 | L3: =IF(OR(M3="", N3=""), "", (FLOOR(N3, "1:00") - CEILING(M3 - "00:10", "1:00") + (FLOOR(N3, "1:00") < CEILING(M3 - "00:10", "1:00"))) * 24) -> 0 | M3: =IFERROR(MINIFS(DB_Logs!$B:$B, DB_Logs!$A:$A, L$1, DB_Logs!$C:$C, $A3), "") -> 0 | N3: =IFERROR(MAXIFS(DB_Logs!$B:$B, DB_Logs!$A:$A, L$1, DB_Logs!$C:$C, $A3), "") -> 0 | O3: =IF(OR(P3="", Q3=""), "", (FLOOR(Q3, "1:00") - CEILING(P3 - "00:10", "1:00") + (FLOOR(Q3, "1:00") < CEILING(P3 - "00:10", "1:00"))) * 24) -> 0 | P3: =IFERROR(MINIFS(DB_Logs!$B:$B, DB_Logs!$A:$A, O$1, DB_Logs!$C:$C, $A3), "") -> 0 | Q3: =IFERROR(MAXIFS(DB_Logs!$B:$B, DB_Logs!$A:$A, O$1, DB_Logs!$C:$C, $A3), "") -> 0 | R3: =IF(OR(S3="", T3=""), "", (FLOOR(T3, "1:00") - CEILING(S3 - "00:10", "1:00") + (FLOOR(T3, "1:00") < CEILING(S3 - "00:10", "1:00"))) * 24) -> 0 | S3: =IFERROR(MINIFS(DB_Logs!$B:$B, DB_Logs!$A:$A, R$1, DB_Logs!$C:$C, $A3), "") -> 0 | T3: =IFERROR(MAXIFS(DB_Logs!$B:$B, DB_Logs!$A:$A, R$1, DB_Logs!$C:$C, $A3), "") -> 0 | U3: =IF(OR(V3="", W3=""), "", (FLOOR(W3, "1:00") - CEILING(V3 - "00:10", "1:00") + (FLOOR(W3, "1:00") < CEILING(V3 - "00:10", "1:00"))) * 24) -> 0 | V3: =IFERROR(MINIFS(DB_Logs!$B:$B, DB_Logs!$A:$A, U$1, DB_Logs!$C:$C, $A3), "") -> 0 | W3: =IFERROR(MAXIFS(DB_Logs!$B:$B, DB_Logs!$A:$A, U$1, DB_Logs!$C:$C, $A3), "") -> 0 | X3: =IF(OR(Y3="", Z3=""), "", (FLOOR(Z3, "1:00") - CEILING(Y3 - "00:10", "1:00") + (FLOOR(Z3, "1:00") < CEILING(Y3 - "00:10", "1:00"))) * 24) -> 0 | Y3: =IFERROR(MINIFS(DB_Logs!$B:$B, DB_Logs!$A:$A, X$1, DB_Logs!$C:$C, $A3), "") -> 0 | Z3: =IFERROR(MAXIFS(DB_Logs!$B:$B, DB_Logs!$A:$A, X$1, DB_Logs!$C:$C, $A3), "") -> 0 | AA3: =IF(OR(AB3="", AC3=""), "", (FLOOR(AC3, "1:00") - CEILING(AB3 - "00:10", "1:00") + (FLOOR(AC3, "1:00") < CEILING(AB3 - "00:10", "1:00"))) * 24) -> 0 | AB3: =IFERROR(MINIFS(DB_Logs!$B:$B, DB_Logs!$A:$A, AA$1, DB_Logs!$C:$C, $A3), "") -> 0 | AC3: =IFERROR(MAXIFS(DB_Logs!$B:$B, DB_Logs!$A:$A, AA$1, DB_Logs!$C:$C, $A3), "") -> 0 | AD3: =IF(OR(AE3="", AF3=""), "", (FLOOR(AF3, "1:00") - CEILING(AE3 - "00:10", "1:00") + (FLOOR(AF3, "1:00") < CEILING(AE3 - "00:10", "1:00"))) * 24) -> 0 | AE3: =IFERROR(MINIFS(DB_Logs!$B:$B, DB_Logs!$A:$A, AD$1, DB_Logs!$C:$C, $A3), "") -> 0 | AF3: =IFERROR(MAXIFS(DB_Logs!$B:$B, DB_Logs!$A:$A, AD$1, DB_Logs!$C:$C, $A3), "") -> 0 | AG3: =IF(OR(AH3="", AI3=""), "", (FLOOR(AI3, "1:00") - CEILING(AH3 - "00:10", "1:00") + (FLOOR(AI3, "1:00") < CEILING(AH3 - "00:10", "1:00"))) * 24) -> 0 | AH3: =IFERROR(MINIFS(DB_Logs!$B:$B, DB_Logs!$A:$A, AG$1, DB_Logs!$C:$C, $A3), "") -> 0 | AI3: =IFERROR(MAXIFS(DB_Logs!$B:$B, DB_Logs!$A:$A, AG$1, DB_Logs!$C:$C, $A3), "") -> 0 | AJ3: =IF(OR(AK3="", AL3=""), "", (FLOOR(AL3, "1:00") - CEILING(AK3 - "00:10", "1:00") + (FLOOR(AL3, "1:00") < CEILING(AK3 - "00:10", "1:00"))) * 24) -> 0 | AK3: =IFERROR(MINIFS(DB_Logs!$B:$B, DB_Logs!$A:$A, AJ$1, DB_Logs!$C:$C, $A3), "") -> 0 | AL3: =IFERROR(MAXIFS(DB_Logs!$B:$B, DB_Logs!$A:$A, AJ$1, DB_Logs!$C:$C, $A3), "") -> 0 | AM3: =IF(OR(AN3="", AO3=""), "", (FLOOR(AO3, "1:00") - CEILING(AN3 - "00:10", "1:00") + (FLOOR(AO3, "1:00") < CEILING(AN3 - "00:10", "1:00"))) * 24) -> 0 | AN3: =IFERROR(MINIFS(DB_Logs!$B:$B, DB_Logs!$A:$A, AM$1, DB_Logs!$C:$C, $A3), "") -> 0 | AO3: =IFERROR(MAXIFS(DB_Logs!$B:$B, DB_Logs!$A:$A, AM$1, DB_Logs!$C:$C, $A3), "") -> 0 | AP3: =IF(OR(AQ3="", AR3=""), "", (FLOOR(AR3, "1:00") - CEILING(AQ3 - "00:10", "1:00") + (FLOOR(AR3, "1:00") < CEILING(AQ3 - "00:10", "1:00"))) * 24) -> 0 | AQ3: =IFERROR(MINIFS(DB_Logs!$B:$B, DB_Logs!$A:$A, AP$1, DB_Logs!$C:$C, $A3), "") -> 0 | AR3: =IFERROR(MAXIFS(DB_Logs!$B:$B, DB_Logs!$A:$A, AP$1, DB_Logs!$C:$C, $A3), "") -> 0 | AS3: =IF(OR(AT3="", AU3=""), "", (FLOOR(AU3, "1:00") - CEILING(AT3 - "00:10", "1:00") + (FLOOR(AU3, "1:00") < CEILING(AT3 - "00:10", "1:00"))) * 24) -> 0 | AT3: =IFERROR(MINIFS(DB_Logs!$B:$B, DB_Logs!$A:$A, AS$1, DB_Logs!$C:$C, $A3), "") -> 0 | AU3: =IFERROR(MAXIFS(DB_Logs!$B:$B, DB_Logs!$A:$A, AS$1, DB_Logs!$C:$C, $A3), "") -> 0 | AV3: =IF(OR(AW3="", AX3=""), "", (FLOOR(AX3, "1:00") - CEILING(AW3 - "00:10", "1:00") + (FLOOR(AX3, "1:00") < CEILING(AW3 - "00:10", "1:00"))) * 24) -> 0 | AW3: =IFERROR(MINIFS(DB_Logs!$B:$B, DB_Logs!$A:$A, AV$1, DB_Logs!$C:$C, $A3), "") -> 0 | AX3: =IFERROR(MAXIFS(DB_Logs!$B:$B, DB_Logs!$A:$A, AV$1, DB_Logs!$C:$C, $A3), "") -> 0 | AY3: =IF(OR(AZ3="", BA3=""), "", (FLOOR(BA3, "1:00") - CEILING(AZ3 - "00:10", "1:00") + (FLOOR(BA3, "1:00") < CEILING(AZ3 - "00:10", "1:00"))) * 24) -> 0 | AZ3: =IFERROR(MINIFS(DB_Logs!$B:$B, DB_Logs!$A:$A, AY$1, DB_Logs!$C:$C, $A3), "") -> 0 | BA3: =IFERROR(MAXIFS(DB_Logs!$B:$B, DB_Logs!$A:$A, AY$1, DB_Logs!$C:$C, $A3), "") -> 0 | BB3: =IF(OR(BC3="", BD3=""), "", (FLOOR(BD3, "1:00") - CEILING(BC3 - "00:10", "1:00") + (FLOOR(BD3, "1:00") < CEILING(BC3 - "00:10", "1:00"))) * 24) -> 0 | BC3: =IFERROR(MINIFS(DB_Logs!$B:$B, DB_Logs!$A:$A, BB$1, DB_Logs!$C:$C, $A3), "") -> 0 | BD3: =IFERROR(MAXIFS(DB_Logs!$B:$B, DB_Logs!$A:$A, BB$1, DB_Logs!$C:$C, $A3), "") -> 0 | BE3: =IF(OR(BF3="", BG3=""), "", (FLOOR(BG3, "1:00") - CEILING(BF3 - "00:10", "1:00") + (FLOOR(BG3, "1:00") < CEILING(BF3 - "00:10", "1:00"))) * 24) -> 0 | BF3: =IFERROR(MINIFS(DB_Logs!$B:$B, DB_Logs!$A:$A, BE$1, DB_Logs!$C:$C, $A3), "") -> 0 | BG3: =IFERROR(MAXIFS(DB_Logs!$B:$B, DB_Logs!$A:$A, BE$1, DB_Logs!$C:$C, $A3), "") -> 0 | BH3: =IF(OR(BI3="", BJ3=""), "", (FLOOR(BJ3, "1:00") - CEILING(BI3 - "00:10", "1:00") + (FLOOR(BJ3, "1:00") < CEILING(BI3 - "00:10", "1:00"))) * 24) -> 0 | BI3: =IFERROR(MINIFS(DB_Logs!$B:$B, DB_Logs!$A:$A, BH$1, DB_Logs!$C:$C, $A3), "") -> 0 | BJ3: =IFERROR(MAXIFS(DB_Logs!$B:$B, DB_Logs!$A:$A, BH$1, DB_Logs!$C:$C, $A3), "") -> 0 | BK3: =IF(OR(BL3="", BM3=""), "", (FLOOR(BM3, "1:00") - CEILING(BL3 - "00:10", "1:00") + (FLOOR(BM3, "1:00") < CEILING(BL3 - "00:10", "1:00"))) * 24) -> 0 | BL3: =IFERROR(MINIFS(DB_Logs!$B:$B, DB_Logs!$A:$A, BK$1, DB_Logs!$C:$C, $A3), "") -> 0 | BM3: =IFERROR(MAXIFS(DB_Logs!$B:$B, DB_Logs!$A:$A, BK$1, DB_Logs!$C:$C, $A3), "") -> 0 | BN3: =IF(OR(BO3="", BP3=""), "", (FLOOR(BP3, "1:00") - CEILING(BO3 - "00:10", "1:00") + (FLOOR(BP3, "1:00") < CEILING(BO3 - "00:10", "1:00"))) * 24) -> 0 | BO3: =IFERROR(MINIFS(DB_Logs!$B:$B, DB_Logs!$A:$A, BN$1, DB_Logs!$C:$C, $A3), "") -> 0 | BP3: =IFERROR(MAXIFS(DB_Logs!$B:$B, DB_Logs!$A:$A, BN$1, DB_Logs!$C:$C, $A3), "") -> 0 | BQ3: =IF(OR(BR3="", BS3=""), "", (FLOOR(BS3, "1:00") - CEILING(BR3 - "00:10", "1:00") + (FLOOR(BS3, "1:00") < CEILING(BR3 - "00:10", "1:00"))) * 24) -> 0 | BR3: =IFERROR(MINIFS(DB_Logs!$B:$B, DB_Logs!$A:$A, BQ$1, DB_Logs!$C:$C, $A3), "") -> 0 | BS3: =IFERROR(MAXIFS(DB_Logs!$B:$B, DB_Logs!$A:$A, BQ$1, DB_Logs!$C:$C, $A3), "") -> 0 | BT3: =IF(OR(BU3="", BV3=""), "", (FLOOR(BV3, "1:00") - CEILING(BU3 - "00:10", "1:00") + (FLOOR(BV3, "1:00") < CEILING(BU3 - "00:10", "1:00"))) * 24) -> 0 | BU3: =IFERROR(MINIFS(DB_Logs!$B:$B, DB_Logs!$A:$A, BT$1, DB_Logs!$C:$C, $A3), "") -> 0 | BV3: =IFERROR(MAXIFS(DB_Logs!$B:$B, DB_Logs!$A:$A, BT$1, DB_Logs!$C:$C, $A3), "") -> 0 | BW3: =IF(OR(BX3="", BY3=""), "", (FLOOR(BY3, "1:00") - CEILING(BX3 - "00:10", "1:00") + (FLOOR(BY3, "1:00") < CEILING(BX3 - "00:10", "1:00"))) * 24) -> 0 | BX3: =IFERROR(MINIFS(DB_Logs!$B:$B, DB_Logs!$A:$A, BW$1, DB_Logs!$C:$C, $A3), "") -> 0 | BY3: =IFERROR(MAXIFS(DB_Logs!$B:$B, DB_Logs!$A:$A, BW$1, DB_Logs!$C:$C, $A3), "") -> 0 | BZ3: =IF(OR(CA3="", CB3=""), "", (FLOOR(CB3, "1:00") - CEILING(CA3 - "00:10", "1:00") + (FLOOR(CB3, "1:00") < CEILING(CA3 - "00:10", "1:00"))) * 24) -> 0 | CA3: =IFERROR(MINIFS(DB_Logs!$B:$B, DB_Logs!$A:$A, BZ$1, DB_Logs!$C:$C, $A3), "") -> 0 | CB3: =IFERROR(MAXIFS(DB_Logs!$B:$B, DB_Logs!$A:$A, BZ$1, DB_Logs!$C:$C, $A3), "") -> 0 | CC3: =IF(OR(CD3="", CE3=""), "", (FLOOR(CE3, "1:00") - CEILING(CD3 - "00:10", "1:00") + (FLOOR(CE3, "1:00") < CEILING(CD3 - "00:10", "1:00"))) * 24) -> 0 | CD3: =IFERROR(MINIFS(DB_Logs!$B:$B, DB_Logs!$A:$A, CC$1, DB_Logs!$C:$C, $A3), "") -> 0 | CE3: =IFERROR(MAXIFS(DB_Logs!$B:$B, DB_Logs!$A:$A, CC$1, DB_Logs!$C:$C, $A3), "") -> 0 | CF3: =IF(OR(CG3="", CH3=""), "", (FLOOR(CH3, "1:00") - CEILING(CG3 - "00:10", "1:00") + (FLOOR(CH3, "1:00") < CEILING(CG3 - "00:10", "1:00"))) * 24) -> 0 | CG3: =IFERROR(MINIFS(DB_Logs!$B:$B, DB_Logs!$A:$A, CF$1, DB_Logs!$C:$C, $A3), "") -> 0 | CH3: =IFERROR(MAXIFS(DB_Logs!$B:$B, DB_Logs!$A:$A, CF$1, DB_Logs!$C:$C, $A3), "") -> 0 | CI3: =IF(OR(CJ3="", CK3=""), "", (FLOOR(CK3, "1:00") - CEILING(CJ3 - "00:10", "1:00") + (FLOOR(CK3, "1:00") < CEILING(CJ3 - "00:10", "1:00"))) * 24) -> 0 | CJ3: =IFERROR(MINIFS(DB_Logs!$B:$B, DB_Logs!$A:$A, CI$1, DB_Logs!$C:$C, $A3), "") -> 0 | CK3: =IFERROR(MAXIFS(DB_Logs!$B:$B, DB_Logs!$A:$A, CI$1, DB_Logs!$C:$C, $A3), "") -> 0 | CL3: =IF(OR(CM3="", CN3=""), "", (FLOOR(CN3, "1:00") - CEILING(CM3 - "00:10", "1:00") + (FLOOR(CN3, "1:00") < CEILING(CM3 - "00:10", "1:00"))) * 24) -> 0 | CM3: =IFERROR(MINIFS(DB_Logs!$B:$B, DB_Logs!$A:$A, CL$1, DB_Logs!$C:$C, $A3), "") -> 0 | CN3: =IFERROR(MAXIFS(DB_Logs!$B:$B, DB_Logs!$A:$A, CL$1, DB_Logs!$C:$C, $A3), "") -> 0 | CO3: =IF(OR(CP3="", CQ3=""), "", (FLOOR(CQ3, "1:00") - CEILING(CP3 - "00:10", "1:00") + (FLOOR(CQ3, "1:00") < CEILING(CP3 - "00:10", "1:00"))) * 24) -> 0 | CP3: =IFERROR(MINIFS(DB_Logs!$B:$B, DB_Logs!$A:$A, CO$1, DB_Logs!$C:$C, $A3), "") -> 0 | CQ3: =IFERROR(MAXIFS(DB_Logs!$B:$B, DB_Logs!$A:$A, CO$1, DB_Logs!$C:$C, $A3), "") -> 0
A4: Сотрудник 2 | B4: =SUMIF($2:$2, "Часы", 4:4) -> 0 | C4: =IF(OR(D4="", E4=""), "", (FLOOR(E4, "1:00") - CEILING(D4 - "00:10", "1:00") + (FLOOR(E4, "1:00") < CEILING(D4 - "00:10", "1:00"))) * 24) -> 0 | D4: =IFERROR(MINIFS(DB_Logs!$B:$B, DB_Logs!$A:$A, C$1, DB_Logs!$C:$C, $A4), "") -> 0 | E4: =IFERROR(MAXIFS(DB_Logs!$B:$B, DB_Logs!$A:$A, C$1, DB_Logs!$C:$C, $A4), "") -> 0 | F4: =IF(OR(G4="", H4=""), "", (FLOOR(H4, "1:00") - CEILING(G4 - "00:10", "1:00") + (FLOOR(H4, "1:00") < CEILING(G4 - "00:10", "1:00"))) * 24) -> 0 | G4: =IFERROR(MINIFS(DB_Logs!$B:$B, DB_Logs!$A:$A, F$1, DB_Logs!$C:$C, $A4), "") -> 0 | H4: =IFERROR(MAXIFS(DB_Logs!$B:$B, DB_Logs!$A:$A, F$1, DB_Logs!$C:$C, $A4), "") -> 0 | I4: =IF(OR(J4="", K4=""), "", (FLOOR(K4, "1:00") - CEILING(J4 - "00:10", "1:00") + (FLOOR(K4, "1:00") < CEILING(J4 - "00:10", "1:00"))) * 24) -> 0 | J4: =IFERROR(MINIFS(DB_Logs!$B:$B, DB_Logs!$A:$A, I$1, DB_Logs!$C:$C, $A4), "") -> 0 | K4: =IFERROR(MAXIFS(DB_Logs!$B:$B, DB_Logs!$A:$A, I$1, DB_Logs!$C:$C, $A4), "") -> 0 | L4: =IF(OR(M4="", N4=""), "", (FLOOR(N4, "1:00") - CEILING(M4 - "00:10", "1:00") + (FLOOR(N4, "1:00") < CEILING(M4 - "00:10", "1:00"))) * 24) -> 0 | M4: =IFERROR(MINIFS(DB_Logs!$B:$B, DB_Logs!$A:$A, L$1, DB_Logs!$C:$C, $A4), "") -> 0 | N4: =IFERROR(MAXIFS(DB_Logs!$B:$B, DB_Logs!$A:$A, L$1, DB_Logs!$C:$C, $A4), "") -> 0 | O4: =IF(OR(P4="", Q4=""), "", (FLOOR(Q4, "1:00") - CEILING(P4 - "00:10", "1:00") + (FLOOR(Q4, "1:00") < CEILING(P4 - "00:10", "1:00"))) * 24) -> 0 | P4: =IFERROR(MINIFS(DB_Logs!$B:$B, DB_Logs!$A:$A, O$1, DB_Logs!$C:$C, $A4), "") -> 0 | Q4: =IFERROR(MAXIFS(DB_Logs!$B:$B, DB_Logs!$A:$A, O$1, DB_Logs!$C:$C, $A4), "") -> 0 | R4: =IF(OR(S4="", T4=""), "", (FLOOR(T4, "1:00") - CEILING(S4 - "00:10", "1:00") + (FLOOR(T4, "1:00") < CEILING(S4 - "00:10", "1:00"))) * 24) -> 0 | S4: =IFERROR(MINIFS(DB_Logs!$B:$B, DB_Logs!$A:$A, R$1, DB_Logs!$C:$C, $A4), "") -> 0 | T4: =IFERROR(MAXIFS(DB_Logs!$B:$B, DB_Logs!$A:$A, R$1, DB_Logs!$C:$C, $A4), "") -> 0 | U4: =IF(OR(V4="", W4=""), "", (FLOOR(W4, "1:00") - CEILING(V4 - "00:10", "1:00") + (FLOOR(W4, "1:00") < CEILING(V4 - "00:10", "1:00"))) * 24) -> 0 | V4: =IFERROR(MINIFS(DB_Logs!$B:$B, DB_Logs!$A:$A, U$1, DB_Logs!$C:$C, $A4), "") -> 0 | W4: =IFERROR(MAXIFS(DB_Logs!$B:$B, DB_Logs!$A:$A, U$1, DB_Logs!$C:$C, $A4), "") -> 0 | X4: =IF(OR(Y4="", Z4=""), "", (FLOOR(Z4, "1:00") - CEILING(Y4 - "00:10", "1:00") + (FLOOR(Z4, "1:00") < CEILING(Y4 - "00:10", "1:00"))) * 24) -> 0 | Y4: =IFERROR(MINIFS(DB_Logs!$B:$B, DB_Logs!$A:$A, X$1, DB_Logs!$C:$C, $A4), "") -> 0 | Z4: =IFERROR(MAXIFS(DB_Logs!$B:$B, DB_Logs!$A:$A, X$1, DB_Logs!$C:$C, $A4), "") -> 0 | AA4: =IF(OR(AB4="", AC4=""), "", (FLOOR(AC4, "1:00") - CEILING(AB4 - "00:10", "1:00") + (FLOOR(AC4, "1:00") < CEILING(AB4 - "00:10", "1:00"))) * 24) -> 0 | AB4: =IFERROR(MINIFS(DB_Logs!$B:$B, DB_Logs!$A:$A, AA$1, DB_Logs!$C:$C, $A4), "") -> 0 | AC4: =IFERROR(MAXIFS(DB_Logs!$B:$B, DB_Logs!$A:$A, AA$1, DB_Logs!$C:$C, $A4), "") -> 0 | AD4: =IF(OR(AE4="", AF4=""), "", (FLOOR(AF4, "1:00") - CEILING(AE4 - "00:10", "1:00") + (FLOOR(AF4, "1:00") < CEILING(AE4 - "00:10", "1:00"))) * 24) -> 0 | AE4: =IFERROR(MINIFS(DB_Logs!$B:$B, DB_Logs!$A:$A, AD$1, DB_Logs!$C:$C, $A4), "") -> 0 | AF4: =IFERROR(MAXIFS(DB_Logs!$B:$B, DB_Logs!$A:$A, AD$1, DB_Logs!$C:$C, $A4), "") -> 0 | AG4: =IF(OR(AH4="", AI4=""), "", (FLOOR(AI4, "1:00") - CEILING(AH4 - "00:10", "1:00") + (FLOOR(AI4, "1:00") < CEILING(AH4 - "00:10", "1:00"))) * 24) -> 0 | AH4: =IFERROR(MINIFS(DB_Logs!$B:$B, DB_Logs!$A:$A, AG$1, DB_Logs!$C:$C, $A4), "") -> 0 | AI4: =IFERROR(MAXIFS(DB_Logs!$B:$B, DB_Logs!$A:$A, AG$1, DB_Logs!$C:$C, $A4), "") -> 0 | AJ4: =IF(OR(AK4="", AL4=""), "", (FLOOR(AL4, "1:00") - CEILING(AK4 - "00:10", "1:00") + (FLOOR(AL4, "1:00") < CEILING(AK4 - "00:10", "1:00"))) * 24) -> 0 | AK4: =IFERROR(MINIFS(DB_Logs!$B:$B, DB_Logs!$A:$A, AJ$1, DB_Logs!$C:$C, $A4), "") -> 0 | AL4: =IFERROR(MAXIFS(DB_Logs!$B:$B, DB_Logs!$A:$A, AJ$1, DB_Logs!$C:$C, $A4), "") -> 0 | AM4: =IF(OR(AN4="", AO4=""), "", (FLOOR(AO4, "1:00") - CEILING(AN4 - "00:10", "1:00") + (FLOOR(AO4, "1:00") < CEILING(AN4 - "00:10", "1:00"))) * 24) -> 0 | AN4: =IFERROR(MINIFS(DB_Logs!$B:$B, DB_Logs!$A:$A, AM$1, DB_Logs!$C:$C, $A4), "") -> 0 | AO4: =IFERROR(MAXIFS(DB_Logs!$B:$B, DB_Logs!$A:$A, AM$1, DB_Logs!$C:$C, $A4), "") -> 0 | AP4: =IF(OR(AQ4="", AR4=""), "", (FLOOR(AR4, "1:00") - CEILING(AQ4 - "00:10", "1:00") + (FLOOR(AR4, "1:00") < CEILING(AQ4 - "00:10", "1:00"))) * 24) -> 0 | AQ4: =IFERROR(MINIFS(DB_Logs!$B:$B, DB_Logs!$A:$A, AP$1, DB_Logs!$C:$C, $A4), "") -> 0 | AR4: =IFERROR(MAXIFS(DB_Logs!$B:$B, DB_Logs!$A:$A, AP$1, DB_Logs!$C:$C, $A4), "") -> 0 | AS4: =IF(OR(AT4="", AU4=""), "", (FLOOR(AU4, "1:00") - CEILING(AT4 - "00:10", "1:00") + (FLOOR(AU4, "1:00") < CEILING(AT4 - "00:10", "1:00"))) * 24) -> 0 | AT4: =IFERROR(MINIFS(DB_Logs!$B:$B, DB_Logs!$A:$A, AS$1, DB_Logs!$C:$C, $A4), "") -> 0 | AU4: =IFERROR(MAXIFS(DB_Logs!$B:$B, DB_Logs!$A:$A, AS$1, DB_Logs!$C:$C, $A4), "") -> 0 | AV4: =IF(OR(AW4="", AX4=""), "", (FLOOR(AX4, "1:00") - CEILING(AW4 - "00:10", "1:00") + (FLOOR(AX4, "1:00") < CEILING(AW4 - "00:10", "1:00"))) * 24) -> 0 | AW4: =IFERROR(MINIFS(DB_Logs!$B:$B, DB_Logs!$A:$A, AV$1, DB_Logs!$C:$C, $A4), "") -> 0 | AX4: =IFERROR(MAXIFS(DB_Logs!$B:$B, DB_Logs!$A:$A, AV$1, DB_Logs!$C:$C, $A4), "") -> 0 | AY4: =IF(OR(AZ4="", BA4=""), "", (FLOOR(BA4, "1:00") - CEILING(AZ4 - "00:10", "1:00") + (FLOOR(BA4, "1:00") < CEILING(AZ4 - "00:10", "1:00"))) * 24) -> 0 | AZ4: =IFERROR(MINIFS(DB_Logs!$B:$B, DB_Logs!$A:$A, AY$1, DB_Logs!$C:$C, $A4), "") -> 0 | BA4: =IFERROR(MAXIFS(DB_Logs!$B:$B, DB_Logs!$A:$A, AY$1, DB_Logs!$C:$C, $A4), "") -> 0 | BB4: =IF(OR(BC4="", BD4=""), "", (FLOOR(BD4, "1:00") - CEILING(BC4 - "00:10", "1:00") + (FLOOR(BD4, "1:00") < CEILING(BC4 - "00:10", "1:00"))) * 24) -> 0 | BC4: =IFERROR(MINIFS(DB_Logs!$B:$B, DB_Logs!$A:$A, BB$1, DB_Logs!$C:$C, $A4), "") -> 0 | BD4: =IFERROR(MAXIFS(DB_Logs!$B:$B, DB_Logs!$A:$A, BB$1, DB_Logs!$C:$C, $A4), "") -> 0 | BE4: =IF(OR(BF4="", BG4=""), "", (FLOOR(BG4, "1:00") - CEILING(BF4 - "00:10", "1:00") + (FLOOR(BG4, "1:00") < CEILING(BF4 - "00:10", "1:00"))) * 24) -> 0 | BF4: =IFERROR(MINIFS(DB_Logs!$B:$B, DB_Logs!$A:$A, BE$1, DB_Logs!$C:$C, $A4), "") -> 0 | BG4: =IFERROR(MAXIFS(DB_Logs!$B:$B, DB_Logs!$A:$A, BE$1, DB_Logs!$C:$C, $A4), "") -> 0 | BH4: =IF(OR(BI4="", BJ4=""), "", (FLOOR(BJ4, "1:00") - CEILING(BI4 - "00:10", "1:00") + (FLOOR(BJ4, "1:00") < CEILING(BI4 - "00:10", "1:00"))) * 24) -> 0 | BI4: =IFERROR(MINIFS(DB_Logs!$B:$B, DB_Logs!$A:$A, BH$1, DB_Logs!$C:$C, $A4), "") -> 0 | BJ4: =IFERROR(MAXIFS(DB_Logs!$B:$B, DB_Logs!$A:$A, BH$1, DB_Logs!$C:$C, $A4), "") -> 0 | BK4: =IF(OR(BL4="", BM4=""), "", (FLOOR(BM4, "1:00") - CEILING(BL4 - "00:10", "1:00") + (FLOOR(BM4, "1:00") < CEILING(BL4 - "00:10", "1:00"))) * 24) -> 0 | BL4: =IFERROR(MINIFS(DB_Logs!$B:$B, DB_Logs!$A:$A, BK$1, DB_Logs!$C:$C, $A4), "") -> 0 | BM4: =IFERROR(MAXIFS(DB_Logs!$B:$B, DB_Logs!$A:$A, BK$1, DB_Logs!$C:$C, $A4), "") -> 0 | BN4: =IF(OR(BO4="", BP4=""), "", (FLOOR(BP4, "1:00") - CEILING(BO4 - "00:10", "1:00") + (FLOOR(BP4, "1:00") < CEILING(BO4 - "00:10", "1:00"))) * 24) -> 0 | BO4: =IFERROR(MINIFS(DB_Logs!$B:$B, DB_Logs!$A:$A, BN$1, DB_Logs!$C:$C, $A4), "") -> 0 | BP4: =IFERROR(MAXIFS(DB_Logs!$B:$B, DB_Logs!$A:$A, BN$1, DB_Logs!$C:$C, $A4), "") -> 0 | BQ4: =IF(OR(BR4="", BS4=""), "", (FLOOR(BS4, "1:00") - CEILING(BR4 - "00:10", "1:00") + (FLOOR(BS4, "1:00") < CEILING(BR4 - "00:10", "1:00"))) * 24) -> 0 | BR4: =IFERROR(MINIFS(DB_Logs!$B:$B, DB_Logs!$A:$A, BQ$1, DB_Logs!$C:$C, $A4), "") -> 0 | BS4: =IFERROR(MAXIFS(DB_Logs!$B:$B, DB_Logs!$A:$A, BQ$1, DB_Logs!$C:$C, $A4), "") -> 0 | BT4: =IF(OR(BU4="", BV4=""), "", (FLOOR(BV4, "1:00") - CEILING(BU4 - "00:10", "1:00") + (FLOOR(BV4, "1:00") < CEILING(BU4 - "00:10", "1:00"))) * 24) -> 0 | BU4: =IFERROR(MINIFS(DB_Logs!$B:$B, DB_Logs!$A:$A, BT$1, DB_Logs!$C:$C, $A4), "") -> 0 | BV4: =IFERROR(MAXIFS(DB_Logs!$B:$B, DB_Logs!$A:$A, BT$1, DB_Logs!$C:$C, $A4), "") -> 0 | BW4: =IF(OR(BX4="", BY4=""), "", (FLOOR(BY4, "1:00") - CEILING(BX4 - "00:10", "1:00") + (FLOOR(BY4, "1:00") < CEILING(BX4 - "00:10", "1:00"))) * 24) -> 0 | BX4: =IFERROR(MINIFS(DB_Logs!$B:$B, DB_Logs!$A:$A, BW$1, DB_Logs!$C:$C, $A4), "") -> 0 | BY4: =IFERROR(MAXIFS(DB_Logs!$B:$B, DB_Logs!$A:$A, BW$1, DB_Logs!$C:$C, $A4), "") -> 0 | BZ4: =IF(OR(CA4="", CB4=""), "", (FLOOR(CB4, "1:00") - CEILING(CA4 - "00:10", "1:00") + (FLOOR(CB4, "1:00") < CEILING(CA4 - "00:10", "1:00"))) * 24) -> 0 | CA4: =IFERROR(MINIFS(DB_Logs!$B:$B, DB_Logs!$A:$A, BZ$1, DB_Logs!$C:$C, $A4), "") -> 0 | CB4: =IFERROR(MAXIFS(DB_Logs!$B:$B, DB_Logs!$A:$A, BZ$1, DB_Logs!$C:$C, $A4), "") -> 0 | CC4: =IF(OR(CD4="", CE4=""), "", (FLOOR(CE4, "1:00") - CEILING(CD4 - "00:10", "1:00") + (FLOOR(CE4, "1:00") < CEILING(CD4 - "00:10", "1:00"))) * 24) -> 0 | CD4: =IFERROR(MINIFS(DB_Logs!$B:$B, DB_Logs!$A:$A, CC$1, DB_Logs!$C:$C, $A4), "") -> 0 | CE4: =IFERROR(MAXIFS(DB_Logs!$B:$B, DB_Logs!$A:$A, CC$1, DB_Logs!$C:$C, $A4), "") -> 0 | CF4: =IF(OR(CG4="", CH4=""), "", (FLOOR(CH4, "1:00") - CEILING(CG4 - "00:10", "1:00") + (FLOOR(CH4, "1:00") < CEILING(CG4 - "00:10", "1:00"))) * 24) -> 0 | CG4: =IFERROR(MINIFS(DB_Logs!$B:$B, DB_Logs!$A:$A, CF$1, DB_Logs!$C:$C, $A4), "") -> 0 | CH4: =IFERROR(MAXIFS(DB_Logs!$B:$B, DB_Logs!$A:$A, CF$1, DB_Logs!$C:$C, $A4), "") -> 0 | CI4: =IF(OR(CJ4="", CK4=""), "", (FLOOR(CK4, "1:00") - CEILING(CJ4 - "00:10", "1:00") + (FLOOR(CK4, "1:00") < CEILING(CJ4 - "00:10", "1:00"))) * 24) -> 0 | CJ4: =IFERROR(MINIFS(DB_Logs!$B:$B, DB_Logs!$A:$A, CI$1, DB_Logs!$C:$C, $A4), "") -> 0 | CK4: =IFERROR(MAXIFS(DB_Logs!$B:$B, DB_Logs!$A:$A, CI$1, DB_Logs!$C:$C, $A4), "") -> 0 | CL4: =IF(OR(CM4="", CN4=""), "", (FLOOR(CN4, "1:00") - CEILING(CM4 - "00:10", "1:00") + (FLOOR(CN4, "1:00") < CEILING(CM4 - "00:10", "1:00"))) * 24) -> 0 | CM4: =IFERROR(MINIFS(DB_Logs!$B:$B, DB_Logs!$A:$A, CL$1, DB_Logs!$C:$C, $A4), "") -> 0 | CN4: =IFERROR(MAXIFS(DB_Logs!$B:$B, DB_Logs!$A:$A, CL$1, DB_Logs!$C:$C, $A4), "") -> 0 | CO4: =IF(OR(CP4="", CQ4=""), "", (FLOOR(CQ4, "1:00") - CEILING(CP4 - "00:10", "1:00") + (FLOOR(CQ4, "1:00") < CEILING(CP4 - "00:10", "1:00"))) * 24) -> 0 | CP4: =IFERROR(MINIFS(DB_Logs!$B:$B, DB_Logs!$A:$A, CO$1, DB_Logs!$C:$C, $A4), "") -> 0 | CQ4: =IFERROR(MAXIFS(DB_Logs!$B:$B, DB_Logs!$A:$A, CO$1, DB_Logs!$C:$C, $A4), "") -> 0
A5: Сотрудник 3 | B5: =SUMIF($2:$2, "Часы", 5:5) -> 0 | C5: =IF(OR(D5="", E5=""), "", (FLOOR(E5, "1:00") - CEILING(D5 - "00:10", "1:00") + (FLOOR(E5, "1:00") < CEILING(D5 - "00:10", "1:00"))) * 24) -> 0 | D5: =IFERROR(MINIFS(DB_Logs!$B:$B, DB_Logs!$A:$A, C$1, DB_Logs!$C:$C, $A5), "") -> 0 | E5: =IFERROR(MAXIFS(DB_Logs!$B:$B, DB_Logs!$A:$A, C$1, DB_Logs!$C:$C, $A5), "") -> 0 | F5: =IF(OR(G5="", H5=""), "", (FLOOR(H5, "1:00") - CEILING(G5 - "00:10", "1:00") + (FLOOR(H5, "1:00") < CEILING(G5 - "00:10", "1:00"))) * 24) -> 0 | G5: =IFERROR(MINIFS(DB_Logs!$B:$B, DB_Logs!$A:$A, F$1, DB_Logs!$C:$C, $A5), "") -> 0 | H5: =IFERROR(MAXIFS(DB_Logs!$B:$B, DB_Logs!$A:$A, F$1, DB_Logs!$C:$C, $A5), "") -> 0 | I5: =IF(OR(J5="", K5=""), "", (FLOOR(K5, "1:00") - CEILING(J5 - "00:10", "1:00") + (FLOOR(K5, "1:00") < CEILING(J5 - "00:10", "1:00"))) * 24) -> 0 | J5: =IFERROR(MINIFS(DB_Logs!$B:$B, DB_Logs!$A:$A, I$1, DB_Logs!$C:$C, $A5), "") -> 0 | K5: =IFERROR(MAXIFS(DB_Logs!$B:$B, DB_Logs!$A:$A, I$1, DB_Logs!$C:$C, $A5), "") -> 0 | L5: =IF(OR(M5="", N5=""), "", (FLOOR(N5, "1:00") - CEILING(M5 - "00:10", "1:00") + (FLOOR(N5, "1:00") < CEILING(M5 - "00:10", "1:00"))) * 24) -> 0 | M5: =IFERROR(MINIFS(DB_Logs!$B:$B, DB_Logs!$A:$A, L$1, DB_Logs!$C:$C, $A5), "") -> 0 | N5: =IFERROR(MAXIFS(DB_Logs!$B:$B, DB_Logs!$A:$A, L$1, DB_Logs!$C:$C, $A5), "") -> 0 | O5: =IF(OR(P5="", Q5=""), "", (FLOOR(Q5, "1:00") - CEILING(P5 - "00:10", "1:00") + (FLOOR(Q5, "1:00") < CEILING(P5 - "00:10", "1:00"))) * 24) -> 0 | P5: =IFERROR(MINIFS(DB_Logs!$B:$B, DB_Logs!$A:$A, O$1, DB_Logs!$C:$C, $A5), "") -> 0 | Q5: =IFERROR(MAXIFS(DB_Logs!$B:$B, DB_Logs!$A:$A, O$1, DB_Logs!$C:$C, $A5), "") -> 0 | R5: =IF(OR(S5="", T5=""), "", (FLOOR(T5, "1:00") - CEILING(S5 - "00:10", "1:00") + (FLOOR(T5, "1:00") < CEILING(S5 - "00:10", "1:00"))) * 24) -> 0 | S5: =IFERROR(MINIFS(DB_Logs!$B:$B, DB_Logs!$A:$A, R$1, DB_Logs!$C:$C, $A5), "") -> 0 | T5: =IFERROR(MAXIFS(DB_Logs!$B:$B, DB_Logs!$A:$A, R$1, DB_Logs!$C:$C, $A5), "") -> 0 | U5: =IF(OR(V5="", W5=""), "", (FLOOR(W5, "1:00") - CEILING(V5 - "00:10", "1:00") + (FLOOR(W5, "1:00") < CEILING(V5 - "00:10", "1:00"))) * 24) -> 0 | V5: =IFERROR(MINIFS(DB_Logs!$B:$B, DB_Logs!$A:$A, U$1, DB_Logs!$C:$C, $A5), "") -> 0 | W5: =IFERROR(MAXIFS(DB_Logs!$B:$B, DB_Logs!$A:$A, U$1, DB_Logs!$C:$C, $A5), "") -> 0 | X5: =IF(OR(Y5="", Z5=""), "", (FLOOR(Z5, "1:00") - CEILING(Y5 - "00:10", "1:00") + (FLOOR(Z5, "1:00") < CEILING(Y5 - "00:10", "1:00"))) * 24) -> 0 | Y5: =IFERROR(MINIFS(DB_Logs!$B:$B, DB_Logs!$A:$A, X$1, DB_Logs!$C:$C, $A5), "") -> 0 | Z5: =IFERROR(MAXIFS(DB_Logs!$B:$B, DB_Logs!$A:$A, X$1, DB_Logs!$C:$C, $A5), "") -> 0 | AA5: =IF(OR(AB5="", AC5=""), "", (FLOOR(AC5, "1:00") - CEILING(AB5 - "00:10", "1:00") + (FLOOR(AC5, "1:00") < CEILING(AB5 - "00:10", "1:00"))) * 24) -> 0 | AB5: =IFERROR(MINIFS(DB_Logs!$B:$B, DB_Logs!$A:$A, AA$1, DB_Logs!$C:$C, $A5), "") -> 0 | AC5: =IFERROR(MAXIFS(DB_Logs!$B:$B, DB_Logs!$A:$A, AA$1, DB_Logs!$C:$C, $A5), "") -> 0 | AD5: =IF(OR(AE5="", AF5=""), "", (FLOOR(AF5, "1:00") - CEILING(AE5 - "00:10", "1:00") + (FLOOR(AF5, "1:00") < CEILING(AE5 - "00:10", "1:00"))) * 24) -> 0 | AE5: =IFERROR(MINIFS(DB_Logs!$B:$B, DB_Logs!$A:$A, AD$1, DB_Logs!$C:$C, $A5), "") -> 0 | AF5: =IFERROR(MAXIFS(DB_Logs!$B:$B, DB_Logs!$A:$A, AD$1, DB_Logs!$C:$C, $A5), "") -> 0 | AG5: =IF(OR(AH5="", AI5=""), "", (FLOOR(AI5, "1:00") - CEILING(AH5 - "00:10", "1:00") + (FLOOR(AI5, "1:00") < CEILING(AH5 - "00:10", "1:00"))) * 24) -> 0 | AH5: =IFERROR(MINIFS(DB_Logs!$B:$B, DB_Logs!$A:$A, AG$1, DB_Logs!$C:$C, $A5), "") -> 0 | AI5: =IFERROR(MAXIFS(DB_Logs!$B:$B, DB_Logs!$A:$A, AG$1, DB_Logs!$C:$C, $A5), "") -> 0 | AJ5: =IF(OR(AK5="", AL5=""), "", (FLOOR(AL5, "1:00") - CEILING(AK5 - "00:10", "1:00") + (FLOOR(AL5, "1:00") < CEILING(AK5 - "00:10", "1:00"))) * 24) -> 0 | AK5: =IFERROR(MINIFS(DB_Logs!$B:$B, DB_Logs!$A:$A, AJ$1, DB_Logs!$C:$C, $A5), "") -> 0 | AL5: =IFERROR(MAXIFS(DB_Logs!$B:$B, DB_Logs!$A:$A, AJ$1, DB_Logs!$C:$C, $A5), "") -> 0 | AM5: =IF(OR(AN5="", AO5=""), "", (FLOOR(AO5, "1:00") - CEILING(AN5 - "00:10", "1:00") + (FLOOR(AO5, "1:00") < CEILING(AN5 - "00:10", "1:00"))) * 24) -> 0 | AN5: =IFERROR(MINIFS(DB_Logs!$B:$B, DB_Logs!$A:$A, AM$1, DB_Logs!$C:$C, $A5), "") -> 0 | AO5: =IFERROR(MAXIFS(DB_Logs!$B:$B, DB_Logs!$A:$A, AM$1, DB_Logs!$C:$C, $A5), "") -> 0 | AP5: =IF(OR(AQ5="", AR5=""), "", (FLOOR(AR5, "1:00") - CEILING(AQ5 - "00:10", "1:00") + (FLOOR(AR5, "1:00") < CEILING(AQ5 - "00:10", "1:00"))) * 24) -> 0 | AQ5: =IFERROR(MINIFS(DB_Logs!$B:$B, DB_Logs!$A:$A, AP$1, DB_Logs!$C:$C, $A5), "") -> 0 | AR5: =IFERROR(MAXIFS(DB_Logs!$B:$B, DB_Logs!$A:$A, AP$1, DB_Logs!$C:$C, $A5), "") -> 0 | AS5: =IF(OR(AT5="", AU5=""), "", (FLOOR(AU5, "1:00") - CEILING(AT5 - "00:10", "1:00") + (FLOOR(AU5, "1:00") < CEILING(AT5 - "00:10", "1:00"))) * 24) -> 0 | AT5: =IFERROR(MINIFS(DB_Logs!$B:$B, DB_Logs!$A:$A, AS$1, DB_Logs!$C:$C, $A5), "") -> 0 | AU5: =IFERROR(MAXIFS(DB_Logs!$B:$B, DB_Logs!$A:$A, AS$1, DB_Logs!$C:$C, $A5), "") -> 0 | AV5: =IF(OR(AW5="", AX5=""), "", (FLOOR(AX5, "1:00") - CEILING(AW5 - "00:10", "1:00") + (FLOOR(AX5, "1:00") < CEILING(AW5 - "00:10", "1:00"))) * 24) -> 0 | AW5: =IFERROR(MINIFS(DB_Logs!$B:$B, DB_Logs!$A:$A, AV$1, DB_Logs!$C:$C, $A5), "") -> 0 | AX5: =IFERROR(MAXIFS(DB_Logs!$B:$B, DB_Logs!$A:$A, AV$1, DB_Logs!$C:$C, $A5), "") -> 0 | AY5: =IF(OR(AZ5="", BA5=""), "", (FLOOR(BA5, "1:00") - CEILING(AZ5 - "00:10", "1:00") + (FLOOR(BA5, "1:00") < CEILING(AZ5 - "00:10", "1:00"))) * 24) -> 0 | AZ5: =IFERROR(MINIFS(DB_Logs!$B:$B, DB_Logs!$A:$A, AY$1, DB_Logs!$C:$C, $A5), "") -> 0 | BA5: =IFERROR(MAXIFS(DB_Logs!$B:$B, DB_Logs!$A:$A, AY$1, DB_Logs!$C:$C, $A5), "") -> 0 | BB5: =IF(OR(BC5="", BD5=""), "", (FLOOR(BD5, "1:00") - CEILING(BC5 - "00:10", "1:00") + (FLOOR(BD5, "1:00") < CEILING(BC5 - "00:10", "1:00"))) * 24) -> 0 | BC5: =IFERROR(MINIFS(DB_Logs!$B:$B, DB_Logs!$A:$A, BB$1, DB_Logs!$C:$C, $A5), "") -> 0 | BD5: =IFERROR(MAXIFS(DB_Logs!$B:$B, DB_Logs!$A:$A, BB$1, DB_Logs!$C:$C, $A5), "") -> 0 | BE5: =IF(OR(BF5="", BG5=""), "", (FLOOR(BG5, "1:00") - CEILING(BF5 - "00:10", "1:00") + (FLOOR(BG5, "1:00") < CEILING(BF5 - "00:10", "1:00"))) * 24) -> 0 | BF5: =IFERROR(MINIFS(DB_Logs!$B:$B, DB_Logs!$A:$A, BE$1, DB_Logs!$C:$C, $A5), "") -> 0 | BG5: =IFERROR(MAXIFS(DB_Logs!$B:$B, DB_Logs!$A:$A, BE$1, DB_Logs!$C:$C, $A5), "") -> 0 | BH5: =IF(OR(BI5="", BJ5=""), "", (FLOOR(BJ5, "1:00") - CEILING(BI5 - "00:10", "1:00") + (FLOOR(BJ5, "1:00") < CEILING(BI5 - "00:10", "1:00"))) * 24) -> 0 | BI5: =IFERROR(MINIFS(DB_Logs!$B:$B, DB_Logs!$A:$A, BH$1, DB_Logs!$C:$C, $A5), "") -> 0 | BJ5: =IFERROR(MAXIFS(DB_Logs!$B:$B, DB_Logs!$A:$A, BH$1, DB_Logs!$C:$C, $A5), "") -> 0 | BK5: =IF(OR(BL5="", BM5=""), "", (FLOOR(BM5, "1:00") - CEILING(BL5 - "00:10", "1:00") + (FLOOR(BM5, "1:00") < CEILING(BL5 - "00:10", "1:00"))) * 24) -> 0 | BL5: =IFERROR(MINIFS(DB_Logs!$B:$B, DB_Logs!$A:$A, BK$1, DB_Logs!$C:$C, $A5), "") -> 0 | BM5: =IFERROR(MAXIFS(DB_Logs!$B:$B, DB_Logs!$A:$A, BK$1, DB_Logs!$C:$C, $A5), "") -> 0 | BN5: =IF(OR(BO5="", BP5=""), "", (FLOOR(BP5, "1:00") - CEILING(BO5 - "00:10", "1:00") + (FLOOR(BP5, "1:00") < CEILING(BO5 - "00:10", "1:00"))) * 24) -> 0 | BO5: =IFERROR(MINIFS(DB_Logs!$B:$B, DB_Logs!$A:$A, BN$1, DB_Logs!$C:$C, $A5), "") -> 0 | BP5: =IFERROR(MAXIFS(DB_Logs!$B:$B, DB_Logs!$A:$A, BN$1, DB_Logs!$C:$C, $A5), "") -> 0 | BQ5: =IF(OR(BR5="", BS5=""), "", (FLOOR(BS5, "1:00") - CEILING(BR5 - "00:10", "1:00") + (FLOOR(BS5, "1:00") < CEILING(BR5 - "00:10", "1:00"))) * 24) -> 0 | BR5: =IFERROR(MINIFS(DB_Logs!$B:$B, DB_Logs!$A:$A, BQ$1, DB_Logs!$C:$C, $A5), "") -> 0 | BS5: =IFERROR(MAXIFS(DB_Logs!$B:$B, DB_Logs!$A:$A, BQ$1, DB_Logs!$C:$C, $A5), "") -> 0 | BT5: =IF(OR(BU5="", BV5=""), "", (FLOOR(BV5, "1:00") - CEILING(BU5 - "00:10", "1:00") + (FLOOR(BV5, "1:00") < CEILING(BU5 - "00:10", "1:00"))) * 24) -> 0 | BU5: =IFERROR(MINIFS(DB_Logs!$B:$B, DB_Logs!$A:$A, BT$1, DB_Logs!$C:$C, $A5), "") -> 0 | BV5: =IFERROR(MAXIFS(DB_Logs!$B:$B, DB_Logs!$A:$A, BT$1, DB_Logs!$C:$C, $A5), "") -> 0 | BW5: =IF(OR(BX5="", BY5=""), "", (FLOOR(BY5, "1:00") - CEILING(BX5 - "00:10", "1:00") + (FLOOR(BY5, "1:00") < CEILING(BX5 - "00:10", "1:00"))) * 24) -> 0 | BX5: =IFERROR(MINIFS(DB_Logs!$B:$B, DB_Logs!$A:$A, BW$1, DB_Logs!$C:$C, $A5), "") -> 0 | BY5: =IFERROR(MAXIFS(DB_Logs!$B:$B, DB_Logs!$A:$A, BW$1, DB_Logs!$C:$C, $A5), "") -> 0 | BZ5: =IF(OR(CA5="", CB5=""), "", (FLOOR(CB5, "1:00") - CEILING(CA5 - "00:10", "1:00") + (FLOOR(CB5, "1:00") < CEILING(CA5 - "00:10", "1:00"))) * 24) -> 0 | CA5: =IFERROR(MINIFS(DB_Logs!$B:$B, DB_Logs!$A:$A, BZ$1, DB_Logs!$C:$C, $A5), "") -> 0 | CB5: =IFERROR(MAXIFS(DB_Logs!$B:$B, DB_Logs!$A:$A, BZ$1, DB_Logs!$C:$C, $A5), "") -> 0 | CC5: =IF(OR(CD5="", CE5=""), "", (FLOOR(CE5, "1:00") - CEILING(CD5 - "00:10", "1:00") + (FLOOR(CE5, "1:00") < CEILING(CD5 - "00:10", "1:00"))) * 24) -> 0 | CD5: =IFERROR(MINIFS(DB_Logs!$B:$B, DB_Logs!$A:$A, CC$1, DB_Logs!$C:$C, $A5), "") -> 0 | CE5: =IFERROR(MAXIFS(DB_Logs!$B:$B, DB_Logs!$A:$A, CC$1, DB_Logs!$C:$C, $A5), "") -> 0 | CF5: =IF(OR(CG5="", CH5=""), "", (FLOOR(CH5, "1:00") - CEILING(CG5 - "00:10", "1:00") + (FLOOR(CH5, "1:00") < CEILING(CG5 - "00:10", "1:00"))) * 24) -> 0 | CG5: =IFERROR(MINIFS(DB_Logs!$B:$B, DB_Logs!$A:$A, CF$1, DB_Logs!$C:$C, $A5), "") -> 0 | CH5: =IFERROR(MAXIFS(DB_Logs!$B:$B, DB_Logs!$A:$A, CF$1, DB_Logs!$C:$C, $A5), "") -> 0 | CI5: =IF(OR(CJ5="", CK5=""), "", (FLOOR(CK5, "1:00") - CEILING(CJ5 - "00:10", "1:00") + (FLOOR(CK5, "1:00") < CEILING(CJ5 - "00:10", "1:00"))) * 24) -> 0 | CJ5: =IFERROR(MINIFS(DB_Logs!$B:$B, DB_Logs!$A:$A, CI$1, DB_Logs!$C:$C, $A5), "") -> 0 | CK5: =IFERROR(MAXIFS(DB_Logs!$B:$B, DB_Logs!$A:$A, CI$1, DB_Logs!$C:$C, $A5), "") -> 0 | CL5: =IF(OR(CM5="", CN5=""), "", (FLOOR(CN5, "1:00") - CEILING(CM5 - "00:10", "1:00") + (FLOOR(CN5, "1:00") < CEILING(CM5 - "00:10", "1:00"))) * 24) -> 0 | CM5: =IFERROR(MINIFS(DB_Logs!$B:$B, DB_Logs!$A:$A, CL$1, DB_Logs!$C:$C, $A5), "") -> 0 | CN5: =IFERROR(MAXIFS(DB_Logs!$B:$B, DB_Logs!$A:$A, CL$1, DB_Logs!$C:$C, $A5), "") -> 0 | CO5: =IF(OR(CP5="", CQ5=""), "", (FLOOR(CQ5, "1:00") - CEILING(CP5 - "00:10", "1:00") + (FLOOR(CQ5, "1:00") < CEILING(CP5 - "00:10", "1:00"))) * 24) -> 0 | CP5: =IFERROR(MINIFS(DB_Logs!$B:$B, DB_Logs!$A:$A, CO$1, DB_Logs!$C:$C, $A5), "") -> 0 | CQ5: =IFERROR(MAXIFS(DB_Logs!$B:$B, DB_Logs!$A:$A, CO$1, DB_Logs!$C:$C, $A5), "") -> 0
A6: Сотрудник 4 | B6: =SUMIF($2:$2, "Часы", 6:6) -> 0 | C6: =IF(OR(D6="", E6=""), "", (FLOOR(E6, "1:00") - CEILING(D6 - "00:10", "1:00") + (FLOOR(E6, "1:00") < CEILING(D6 - "00:10", "1:00"))) * 24) -> 0 | D6: =IFERROR(MINIFS(DB_Logs!$B:$B, DB_Logs!$A:$A, C$1, DB_Logs!$C:$C, $A6), "") -> 0 | E6: =IFERROR(MAXIFS(DB_Logs!$B:$B, DB_Logs!$A:$A, C$1, DB_Logs!$C:$C, $A6), "") -> 0 | F6: =IF(OR(G6="", H6=""), "", (FLOOR(H6, "1:00") - CEILING(G6 - "00:10", "1:00") + (FLOOR(H6, "1:00") < CEILING(G6 - "00:10", "1:00"))) * 24) -> 0 | G6: =IFERROR(MINIFS(DB_Logs!$B:$B, DB_Logs!$A:$A, F$1, DB_Logs!$C:$C, $A6), "") -> 0 | H6: =IFERROR(MAXIFS(DB_Logs!$B:$B, DB_Logs!$A:$A, F$1, DB_Logs!$C:$C, $A6), "") -> 0 | I6: =IF(OR(J6="", K6=""), "", (FLOOR(K6, "1:00") - CEILING(J6 - "00:10", "1:00") + (FLOOR(K6, "1:00") < CEILING(J6 - "00:10", "1:00"))) * 24) -> 0 | J6: =IFERROR(MINIFS(DB_Logs!$B:$B, DB_Logs!$A:$A, I$1, DB_Logs!$C:$C, $A6), "") -> 0 | K6: =IFERROR(MAXIFS(DB_Logs!$B:$B, DB_Logs!$A:$A, I$1, DB_Logs!$C:$C, $A6), "") -> 0 | L6: =IF(OR(M6="", N6=""), "", (FLOOR(N6, "1:00") - CEILING(M6 - "00:10", "1:00") + (FLOOR(N6, "1:00") < CEILING(M6 - "00:10", "1:00"))) * 24) -> 0 | M6: =IFERROR(MINIFS(DB_Logs!$B:$B, DB_Logs!$A:$A, L$1, DB_Logs!$C:$C, $A6), "") -> 0 | N6: =IFERROR(MAXIFS(DB_Logs!$B:$B, DB_Logs!$A:$A, L$1, DB_Logs!$C:$C, $A6), "") -> 0 | O6: =IF(OR(P6="", Q6=""), "", (FLOOR(Q6, "1:00") - CEILING(P6 - "00:10", "1:00") + (FLOOR(Q6, "1:00") < CEILING(P6 - "00:10", "1:00"))) * 24) -> 0 | P6: =IFERROR(MINIFS(DB_Logs!$B:$B, DB_Logs!$A:$A, O$1, DB_Logs!$C:$C, $A6), "") -> 0 | Q6: =IFERROR(MAXIFS(DB_Logs!$B:$B, DB_Logs!$A:$A, O$1, DB_Logs!$C:$C, $A6), "") -> 0 | R6: =IF(OR(S6="", T6=""), "", (FLOOR(T6, "1:00") - CEILING(S6 - "00:10", "1:00") + (FLOOR(T6, "1:00") < CEILING(S6 - "00:10", "1:00"))) * 24) -> 0 | S6: =IFERROR(MINIFS(DB_Logs!$B:$B, DB_Logs!$A:$A, R$1, DB_Logs!$C:$C, $A6), "") -> 0 | T6: =IFERROR(MAXIFS(DB_Logs!$B:$B, DB_Logs!$A:$A, R$1, DB_Logs!$C:$C, $A6), "") -> 0 | U6: =IF(OR(V6="", W6=""), "", (FLOOR(W6, "1:00") - CEILING(V6 - "00:10", "1:00") + (FLOOR(W6, "1:00") < CEILING(V6 - "00:10", "1:00"))) * 24) -> 0 | V6: =IFERROR(MINIFS(DB_Logs!$B:$B, DB_Logs!$A:$A, U$1, DB_Logs!$C:$C, $A6), "") -> 0 | W6: =IFERROR(MAXIFS(DB_Logs!$B:$B, DB_Logs!$A:$A, U$1, DB_Logs!$C:$C, $A6), "") -> 0 | X6: =IF(OR(Y6="", Z6=""), "", (FLOOR(Z6, "1:00") - CEILING(Y6 - "00:10", "1:00") + (FLOOR(Z6, "1:00") < CEILING(Y6 - "00:10", "1:00"))) * 24) -> 0 | Y6: =IFERROR(MINIFS(DB_Logs!$B:$B, DB_Logs!$A:$A, X$1, DB_Logs!$C:$C, $A6), "") -> 0 | Z6: =IFERROR(MAXIFS(DB_Logs!$B:$B, DB_Logs!$A:$A, X$1, DB_Logs!$C:$C, $A6), "") -> 0 | AA6: =IF(OR(AB6="", AC6=""), "", (FLOOR(AC6, "1:00") - CEILING(AB6 - "00:10", "1:00") + (FLOOR(AC6, "1:00") < CEILING(AB6 - "00:10", "1:00"))) * 24) -> 0 | AB6: =IFERROR(MINIFS(DB_Logs!$B:$B, DB_Logs!$A:$A, AA$1, DB_Logs!$C:$C, $A6), "") -> 0 | AC6: =IFERROR(MAXIFS(DB_Logs!$B:$B, DB_Logs!$A:$A, AA$1, DB_Logs!$C:$C, $A6), "") -> 0 | AD6: =IF(OR(AE6="", AF6=""), "", (FLOOR(AF6, "1:00") - CEILING(AE6 - "00:10", "1:00") + (FLOOR(AF6, "1:00") < CEILING(AE6 - "00:10", "1:00"))) * 24) -> 0 | AE6: =IFERROR(MINIFS(DB_Logs!$B:$B, DB_Logs!$A:$A, AD$1, DB_Logs!$C:$C, $A6), "") -> 0 | AF6: =IFERROR(MAXIFS(DB_Logs!$B:$B, DB_Logs!$A:$A, AD$1, DB_Logs!$C:$C, $A6), "") -> 0 | AG6: =IF(OR(AH6="", AI6=""), "", (FLOOR(AI6, "1:00") - CEILING(AH6 - "00:10", "1:00") + (FLOOR(AI6, "1:00") < CEILING(AH6 - "00:10", "1:00"))) * 24) -> 0 | AH6: =IFERROR(MINIFS(DB_Logs!$B:$B, DB_Logs!$A:$A, AG$1, DB_Logs!$C:$C, $A6), "") -> 0 | AI6: =IFERROR(MAXIFS(DB_Logs!$B:$B, DB_Logs!$A:$A, AG$1, DB_Logs!$C:$C, $A6), "") -> 0 | AJ6: =IF(OR(AK6="", AL6=""), "", (FLOOR(AL6, "1:00") - CEILING(AK6 - "00:10", "1:00") + (FLOOR(AL6, "1:00") < CEILING(AK6 - "00:10", "1:00"))) * 24) -> 0 | AK6: =IFERROR(MINIFS(DB_Logs!$B:$B, DB_Logs!$A:$A, AJ$1, DB_Logs!$C:$C, $A6), "") -> 0 | AL6: =IFERROR(MAXIFS(DB_Logs!$B:$B, DB_Logs!$A:$A, AJ$1, DB_Logs!$C:$C, $A6), "") -> 0 | AM6: =IF(OR(AN6="", AO6=""), "", (FLOOR(AO6, "1:00") - CEILING(AN6 - "00:10", "1:00") + (FLOOR(AO6, "1:00") < CEILING(AN6 - "00:10", "1:00"))) * 24) -> 0 | AN6: =IFERROR(MINIFS(DB_Logs!$B:$B, DB_Logs!$A:$A, AM$1, DB_Logs!$C:$C, $A6), "") -> 0 | AO6: =IFERROR(MAXIFS(DB_Logs!$B:$B, DB_Logs!$A:$A, AM$1, DB_Logs!$C:$C, $A6), "") -> 0 | AP6: =IF(OR(AQ6="", AR6=""), "", (FLOOR(AR6, "1:00") - CEILING(AQ6 - "00:10", "1:00") + (FLOOR(AR6, "1:00") < CEILING(AQ6 - "00:10", "1:00"))) * 24) -> 0 | AQ6: =IFERROR(MINIFS(DB_Logs!$B:$B, DB_Logs!$A:$A, AP$1, DB_Logs!$C:$C, $A6), "") -> 0 | AR6: =IFERROR(MAXIFS(DB_Logs!$B:$B, DB_Logs!$A:$A, AP$1, DB_Logs!$C:$C, $A6), "") -> 0 | AS6: =IF(OR(AT6="", AU6=""), "", (FLOOR(AU6, "1:00") - CEILING(AT6 - "00:10", "1:00") + (FLOOR(AU6, "1:00") < CEILING(AT6 - "00:10", "1:00"))) * 24) -> 0 | AT6: =IFERROR(MINIFS(DB_Logs!$B:$B, DB_Logs!$A:$A, AS$1, DB_Logs!$C:$C, $A6), "") -> 0 | AU6: =IFERROR(MAXIFS(DB_Logs!$B:$B, DB_Logs!$A:$A, AS$1, DB_Logs!$C:$C, $A6), "") -> 0 | AV6: =IF(OR(AW6="", AX6=""), "", (FLOOR(AX6, "1:00") - CEILING(AW6 - "00:10", "1:00") + (FLOOR(AX6, "1:00") < CEILING(AW6 - "00:10", "1:00"))) * 24) -> 0 | AW6: =IFERROR(MINIFS(DB_Logs!$B:$B, DB_Logs!$A:$A, AV$1, DB_Logs!$C:$C, $A6), "") -> 0 | AX6: =IFERROR(MAXIFS(DB_Logs!$B:$B, DB_Logs!$A:$A, AV$1, DB_Logs!$C:$C, $A6), "") -> 0 | AY6: =IF(OR(AZ6="", BA6=""), "", (FLOOR(BA6, "1:00") - CEILING(AZ6 - "00:10", "1:00") + (FLOOR(BA6, "1:00") < CEILING(AZ6 - "00:10", "1:00"))) * 24) -> 0 | AZ6: =IFERROR(MINIFS(DB_Logs!$B:$B, DB_Logs!$A:$A, AY$1, DB_Logs!$C:$C, $A6), "") -> 0 | BA6: =IFERROR(MAXIFS(DB_Logs!$B:$B, DB_Logs!$A:$A, AY$1, DB_Logs!$C:$C, $A6), "") -> 0 | BB6: =IF(OR(BC6="", BD6=""), "", (FLOOR(BD6, "1:00") - CEILING(BC6 - "00:10", "1:00") + (FLOOR(BD6, "1:00") < CEILING(BC6 - "00:10", "1:00"))) * 24) -> 0 | BC6: =IFERROR(MINIFS(DB_Logs!$B:$B, DB_Logs!$A:$A, BB$1, DB_Logs!$C:$C, $A6), "") -> 0 | BD6: =IFERROR(MAXIFS(DB_Logs!$B:$B, DB_Logs!$A:$A, BB$1, DB_Logs!$C:$C, $A6), "") -> 0 | BE6: =IF(OR(BF6="", BG6=""), "", (FLOOR(BG6, "1:00") - CEILING(BF6 - "00:10", "1:00") + (FLOOR(BG6, "1:00") < CEILING(BF6 - "00:10", "1:00"))) * 24) -> 0 | BF6: =IFERROR(MINIFS(DB_Logs!$B:$B, DB_Logs!$A:$A, BE$1, DB_Logs!$C:$C, $A6), "") -> 0 | BG6: =IFERROR(MAXIFS(DB_Logs!$B:$B, DB_Logs!$A:$A, BE$1, DB_Logs!$C:$C, $A6), "") -> 0 | BH6: =IF(OR(BI6="", BJ6=""), "", (FLOOR(BJ6, "1:00") - CEILING(BI6 - "00:10", "1:00") + (FLOOR(BJ6, "1:00") < CEILING(BI6 - "00:10", "1:00"))) * 24) -> 0 | BI6: =IFERROR(MINIFS(DB_Logs!$B:$B, DB_Logs!$A:$A, BH$1, DB_Logs!$C:$C, $A6), "") -> 0 | BJ6: =IFERROR(MAXIFS(DB_Logs!$B:$B, DB_Logs!$A:$A, BH$1, DB_Logs!$C:$C, $A6), "") -> 0 | BK6: =IF(OR(BL6="", BM6=""), "", (FLOOR(BM6, "1:00") - CEILING(BL6 - "00:10", "1:00") + (FLOOR(BM6, "1:00") < CEILING(BL6 - "00:10", "1:00"))) * 24) -> 0 | BL6: =IFERROR(MINIFS(DB_Logs!$B:$B, DB_Logs!$A:$A, BK$1, DB_Logs!$C:$C, $A6), "") -> 0 | BM6: =IFERROR(MAXIFS(DB_Logs!$B:$B, DB_Logs!$A:$A, BK$1, DB_Logs!$C:$C, $A6), "") -> 0 | BN6: =IF(OR(BO6="", BP6=""), "", (FLOOR(BP6, "1:00") - CEILING(BO6 - "00:10", "1:00") + (FLOOR(BP6, "1:00") < CEILING(BO6 - "00:10", "1:00"))) * 24) -> 0 | BO6: =IFERROR(MINIFS(DB_Logs!$B:$B, DB_Logs!$A:$A, BN$1, DB_Logs!$C:$C, $A6), "") -> 0 | BP6: =IFERROR(MAXIFS(DB_Logs!$B:$B, DB_Logs!$A:$A, BN$1, DB_Logs!$C:$C, $A6), "") -> 0 | BQ6: =IF(OR(BR6="", BS6=""), "", (FLOOR(BS6, "1:00") - CEILING(BR6 - "00:10", "1:00") + (FLOOR(BS6, "1:00") < CEILING(BR6 - "00:10", "1:00"))) * 24) -> 0 | BR6: =IFERROR(MINIFS(DB_Logs!$B:$B, DB_Logs!$A:$A, BQ$1, DB_Logs!$C:$C, $A6), "") -> 0 | BS6: =IFERROR(MAXIFS(DB_Logs!$B:$B, DB_Logs!$A:$A, BQ$1, DB_Logs!$C:$C, $A6), "") -> 0 | BT6: =IF(OR(BU6="", BV6=""), "", (FLOOR(BV6, "1:00") - CEILING(BU6 - "00:10", "1:00") + (FLOOR(BV6, "1:00") < CEILING(BU6 - "00:10", "1:00"))) * 24) -> 0 | BU6: =IFERROR(MINIFS(DB_Logs!$B:$B, DB_Logs!$A:$A, BT$1, DB_Logs!$C:$C, $A6), "") -> 0 | BV6: =IFERROR(MAXIFS(DB_Logs!$B:$B, DB_Logs!$A:$A, BT$1, DB_Logs!$C:$C, $A6), "") -> 0 | BW6: =IF(OR(BX6="", BY6=""), "", (FLOOR(BY6, "1:00") - CEILING(BX6 - "00:10", "1:00") + (FLOOR(BY6, "1:00") < CEILING(BX6 - "00:10", "1:00"))) * 24) -> 0 | BX6: =IFERROR(MINIFS(DB_Logs!$B:$B, DB_Logs!$A:$A, BW$1, DB_Logs!$C:$C, $A6), "") -> 0 | BY6: =IFERROR(MAXIFS(DB_Logs!$B:$B, DB_Logs!$A:$A, BW$1, DB_Logs!$C:$C, $A6), "") -> 0 | BZ6: =IF(OR(CA6="", CB6=""), "", (FLOOR(CB6, "1:00") - CEILING(CA6 - "00:10", "1:00") + (FLOOR(CB6, "1:00") < CEILING(CA6 - "00:10", "1:00"))) * 24) -> 0 | CA6: =IFERROR(MINIFS(DB_Logs!$B:$B, DB_Logs!$A:$A, BZ$1, DB_Logs!$C:$C, $A6), "") -> 0 | CB6: =IFERROR(MAXIFS(DB_Logs!$B:$B, DB_Logs!$A:$A, BZ$1, DB_Logs!$C:$C, $A6), "") -> 0 | CC6: =IF(OR(CD6="", CE6=""), "", (FLOOR(CE6, "1:00") - CEILING(CD6 - "00:10", "1:00") + (FLOOR(CE6, "1:00") < CEILING(CD6 - "00:10", "1:00"))) * 24) -> 0 | CD6: =IFERROR(MINIFS(DB_Logs!$B:$B, DB_Logs!$A:$A, CC$1, DB_Logs!$C:$C, $A6), "") -> 0 | CE6: =IFERROR(MAXIFS(DB_Logs!$B:$B, DB_Logs!$A:$A, CC$1, DB_Logs!$C:$C, $A6), "") -> 0 | CF6: =IF(OR(CG6="", CH6=""), "", (FLOOR(CH6, "1:00") - CEILING(CG6 - "00:10", "1:00") + (FLOOR(CH6, "1:00") < CEILING(CG6 - "00:10", "1:00"))) * 24) -> 0 | CG6: =IFERROR(MINIFS(DB_Logs!$B:$B, DB_Logs!$A:$A, CF$1, DB_Logs!$C:$C, $A6), "") -> 0 | CH6: =IFERROR(MAXIFS(DB_Logs!$B:$B, DB_Logs!$A:$A, CF$1, DB_Logs!$C:$C, $A6), "") -> 0 | CI6: =IF(OR(CJ6="", CK6=""), "", (FLOOR(CK6, "1:00") - CEILING(CJ6 - "00:10", "1:00") + (FLOOR(CK6, "1:00") < CEILING(CJ6 - "00:10", "1:00"))) * 24) -> 0 | CJ6: =IFERROR(MINIFS(DB_Logs!$B:$B, DB_Logs!$A:$A, CI$1, DB_Logs!$C:$C, $A6), "") -> 0 | CK6: =IFERROR(MAXIFS(DB_Logs!$B:$B, DB_Logs!$A:$A, CI$1, DB_Logs!$C:$C, $A6), "") -> 0 | CL6: =IF(OR(CM6="", CN6=""), "", (FLOOR(CN6, "1:00") - CEILING(CM6 - "00:10", "1:00") + (FLOOR(CN6, "1:00") < CEILING(CM6 - "00:10", "1:00"))) * 24) -> 0 | CM6: =IFERROR(MINIFS(DB_Logs!$B:$B, DB_Logs!$A:$A, CL$1, DB_Logs!$C:$C, $A6), "") -> 0 | CN6: =IFERROR(MAXIFS(DB_Logs!$B:$B, DB_Logs!$A:$A, CL$1, DB_Logs!$C:$C, $A6), "") -> 0 | CO6: =IF(OR(CP6="", CQ6=""), "", (FLOOR(CQ6, "1:00") - CEILING(CP6 - "00:10", "1:00") + (FLOOR(CQ6, "1:00") < CEILING(CP6 - "00:10", "1:00"))) * 24) -> 0 | CP6: =IFERROR(MINIFS(DB_Logs!$B:$B, DB_Logs!$A:$A, CO$1, DB_Logs!$C:$C, $A6), "") -> 0 | CQ6: =IFERROR(MAXIFS(DB_Logs!$B:$B, DB_Logs!$A:$A, CO$1, DB_Logs!$C:$C, $A6), "") -> 0
A7: Сотрудник 5 | B7: =SUMIF($2:$2, "Часы", 7:7) -> 0 | C7: =IF(OR(D7="", E7=""), "", (FLOOR(E7, "1:00") - CEILING(D7 - "00:10", "1:00") + (FLOOR(E7, "1:00") < CEILING(D7 - "00:10", "1:00"))) * 24) -> 0 | D7: =IFERROR(MINIFS(DB_Logs!$B:$B, DB_Logs!$A:$A, C$1, DB_Logs!$C:$C, $A7), "") -> 0 | E7: =IFERROR(MAXIFS(DB_Logs!$B:$B, DB_Logs!$A:$A, C$1, DB_Logs!$C:$C, $A7), "") -> 0 | F7: =IF(OR(G7="", H7=""), "", (FLOOR(H7, "1:00") - CEILING(G7 - "00:10", "1:00") + (FLOOR(H7, "1:00") < CEILING(G7 - "00:10", "1:00"))) * 24) -> 0 | G7: =IFERROR(MINIFS(DB_Logs!$B:$B, DB_Logs!$A:$A, F$1, DB_Logs!$C:$C, $A7), "") -> 0 | H7: =IFERROR(MAXIFS(DB_Logs!$B:$B, DB_Logs!$A:$A, F$1, DB_Logs!$C:$C, $A7), "") -> 0 | I7: =IF(OR(J7="", K7=""), "", (FLOOR(K7, "1:00") - CEILING(J7 - "00:10", "1:00") + (FLOOR(K7, "1:00") < CEILING(J7 - "00:10", "1:00"))) * 24) -> 0 | J7: =IFERROR(MINIFS(DB_Logs!$B:$B, DB_Logs!$A:$A, I$1, DB_Logs!$C:$C, $A7), "") -> 0 | K7: =IFERROR(MAXIFS(DB_Logs!$B:$B, DB_Logs!$A:$A, I$1, DB_Logs!$C:$C, $A7), "") -> 0 | L7: =IF(OR(M7="", N7=""), "", (FLOOR(N7, "1:00") - CEILING(M7 - "00:10", "1:00") + (FLOOR(N7, "1:00") < CEILING(M7 - "00:10", "1:00"))) * 24) -> 0 | M7: =IFERROR(MINIFS(DB_Logs!$B:$B, DB_Logs!$A:$A, L$1, DB_Logs!$C:$C, $A7), "") -> 0 | N7: =IFERROR(MAXIFS(DB_Logs!$B:$B, DB_Logs!$A:$A, L$1, DB_Logs!$C:$C, $A7), "") -> 0 | O7: =IF(OR(P7="", Q7=""), "", (FLOOR(Q7, "1:00") - CEILING(P7 - "00:10", "1:00") + (FLOOR(Q7, "1:00") < CEILING(P7 - "00:10", "1:00"))) * 24) -> 0 | P7: =IFERROR(MINIFS(DB_Logs!$B:$B, DB_Logs!$A:$A, O$1, DB_Logs!$C:$C, $A7), "") -> 0 | Q7: =IFERROR(MAXIFS(DB_Logs!$B:$B, DB_Logs!$A:$A, O$1, DB_Logs!$C:$C, $A7), "") -> 0 | R7: =IF(OR(S7="", T7=""), "", (FLOOR(T7, "1:00") - CEILING(S7 - "00:10", "1:00") + (FLOOR(T7, "1:00") < CEILING(S7 - "00:10", "1:00"))) * 24) -> 0 | S7: =IFERROR(MINIFS(DB_Logs!$B:$B, DB_Logs!$A:$A, R$1, DB_Logs!$C:$C, $A7), "") -> 0 | T7: =IFERROR(MAXIFS(DB_Logs!$B:$B, DB_Logs!$A:$A, R$1, DB_Logs!$C:$C, $A7), "") -> 0 | U7: =IF(OR(V7="", W7=""), "", (FLOOR(W7, "1:00") - CEILING(V7 - "00:10", "1:00") + (FLOOR(W7, "1:00") < CEILING(V7 - "00:10", "1:00"))) * 24) -> 0 | V7: =IFERROR(MINIFS(DB_Logs!$B:$B, DB_Logs!$A:$A, U$1, DB_Logs!$C:$C, $A7), "") -> 0 | W7: =IFERROR(MAXIFS(DB_Logs!$B:$B, DB_Logs!$A:$A, U$1, DB_Logs!$C:$C, $A7), "") -> 0 | X7: =IF(OR(Y7="", Z7=""), "", (FLOOR(Z7, "1:00") - CEILING(Y7 - "00:10", "1:00") + (FLOOR(Z7, "1:00") < CEILING(Y7 - "00:10", "1:00"))) * 24) -> 0 | Y7: =IFERROR(MINIFS(DB_Logs!$B:$B, DB_Logs!$A:$A, X$1, DB_Logs!$C:$C, $A7), "") -> 0 | Z7: =IFERROR(MAXIFS(DB_Logs!$B:$B, DB_Logs!$A:$A, X$1, DB_Logs!$C:$C, $A7), "") -> 0 | AA7: =IF(OR(AB7="", AC7=""), "", (FLOOR(AC7, "1:00") - CEILING(AB7 - "00:10", "1:00") + (FLOOR(AC7, "1:00") < CEILING(AB7 - "00:10", "1:00"))) * 24) -> 0 | AB7: =IFERROR(MINIFS(DB_Logs!$B:$B, DB_Logs!$A:$A, AA$1, DB_Logs!$C:$C, $A7), "") -> 0 | AC7: =IFERROR(MAXIFS(DB_Logs!$B:$B, DB_Logs!$A:$A, AA$1, DB_Logs!$C:$C, $A7), "") -> 0 | AD7: =IF(OR(AE7="", AF7=""), "", (FLOOR(AF7, "1:00") - CEILING(AE7 - "00:10", "1:00") + (FLOOR(AF7, "1:00") < CEILING(AE7 - "00:10", "1:00"))) * 24) -> 0 | AE7: =IFERROR(MINIFS(DB_Logs!$B:$B, DB_Logs!$A:$A, AD$1, DB_Logs!$C:$C, $A7), "") -> 0 | AF7: =IFERROR(MAXIFS(DB_Logs!$B:$B, DB_Logs!$A:$A, AD$1, DB_Logs!$C:$C, $A7), "") -> 0 | AG7: =IF(OR(AH7="", AI7=""), "", (FLOOR(AI7, "1:00") - CEILING(AH7 - "00:10", "1:00") + (FLOOR(AI7, "1:00") < CEILING(AH7 - "00:10", "1:00"))) * 24) -> 0 | AH7: =IFERROR(MINIFS(DB_Logs!$B:$B, DB_Logs!$A:$A, AG$1, DB_Logs!$C:$C, $A7), "") -> 0 | AI7: =IFERROR(MAXIFS(DB_Logs!$B:$B, DB_Logs!$A:$A, AG$1, DB_Logs!$C:$C, $A7), "") -> 0 | AJ7: =IF(OR(AK7="", AL7=""), "", (FLOOR(AL7, "1:00") - CEILING(AK7 - "00:10", "1:00") + (FLOOR(AL7, "1:00") < CEILING(AK7 - "00:10", "1:00"))) * 24) -> 0 | AK7: =IFERROR(MINIFS(DB_Logs!$B:$B, DB_Logs!$A:$A, AJ$1, DB_Logs!$C:$C, $A7), "") -> 0 | AL7: =IFERROR(MAXIFS(DB_Logs!$B:$B, DB_Logs!$A:$A, AJ$1, DB_Logs!$C:$C, $A7), "") -> 0 | AM7: =IF(OR(AN7="", AO7=""), "", (FLOOR(AO7, "1:00") - CEILING(AN7 - "00:10", "1:00") + (FLOOR(AO7, "1:00") < CEILING(AN7 - "00:10", "1:00"))) * 24) -> 0 | AN7: =IFERROR(MINIFS(DB_Logs!$B:$B, DB_Logs!$A:$A, AM$1, DB_Logs!$C:$C, $A7), "") -> 0 | AO7: =IFERROR(MAXIFS(DB_Logs!$B:$B, DB_Logs!$A:$A, AM$1, DB_Logs!$C:$C, $A7), "") -> 0 | AP7: =IF(OR(AQ7="", AR7=""), "", (FLOOR(AR7, "1:00") - CEILING(AQ7 - "00:10", "1:00") + (FLOOR(AR7, "1:00") < CEILING(AQ7 - "00:10", "1:00"))) * 24) -> 0 | AQ7: =IFERROR(MINIFS(DB_Logs!$B:$B, DB_Logs!$A:$A, AP$1, DB_Logs!$C:$C, $A7), "") -> 0 | AR7: =IFERROR(MAXIFS(DB_Logs!$B:$B, DB_Logs!$A:$A, AP$1, DB_Logs!$C:$C, $A7), "") -> 0 | AS7: =IF(OR(AT7="", AU7=""), "", (FLOOR(AU7, "1:00") - CEILING(AT7 - "00:10", "1:00") + (FLOOR(AU7, "1:00") < CEILING(AT7 - "00:10", "1:00"))) * 24) -> 0 | AT7: =IFERROR(MINIFS(DB_Logs!$B:$B, DB_Logs!$A:$A, AS$1, DB_Logs!$C:$C, $A7), "") -> 0 | AU7: =IFERROR(MAXIFS(DB_Logs!$B:$B, DB_Logs!$A:$A, AS$1, DB_Logs!$C:$C, $A7), "") -> 0 | AV7: =IF(OR(AW7="", AX7=""), "", (FLOOR(AX7, "1:00") - CEILING(AW7 - "00:10", "1:00") + (FLOOR(AX7, "1:00") < CEILING(AW7 - "00:10", "1:00"))) * 24) -> 0 | AW7: =IFERROR(MINIFS(DB_Logs!$B:$B, DB_Logs!$A:$A, AV$1, DB_Logs!$C:$C, $A7), "") -> 0 | AX7: =IFERROR(MAXIFS(DB_Logs!$B:$B, DB_Logs!$A:$A, AV$1, DB_Logs!$C:$C, $A7), "") -> 0 | AY7: =IF(OR(AZ7="", BA7=""), "", (FLOOR(BA7, "1:00") - CEILING(AZ7 - "00:10", "1:00") + (FLOOR(BA7, "1:00") < CEILING(AZ7 - "00:10", "1:00"))) * 24) -> 0 | AZ7: =IFERROR(MINIFS(DB_Logs!$B:$B, DB_Logs!$A:$A, AY$1, DB_Logs!$C:$C, $A7), "") -> 0 | BA7: =IFERROR(MAXIFS(DB_Logs!$B:$B, DB_Logs!$A:$A, AY$1, DB_Logs!$C:$C, $A7), "") -> 0 | BB7: =IF(OR(BC7="", BD7=""), "", (FLOOR(BD7, "1:00") - CEILING(BC7 - "00:10", "1:00") + (FLOOR(BD7, "1:00") < CEILING(BC7 - "00:10", "1:00"))) * 24) -> 0 | BC7: =IFERROR(MINIFS(DB_Logs!$B:$B, DB_Logs!$A:$A, BB$1, DB_Logs!$C:$C, $A7), "") -> 0 | BD7: =IFERROR(MAXIFS(DB_Logs!$B:$B, DB_Logs!$A:$A, BB$1, DB_Logs!$C:$C, $A7), "") -> 0 | BE7: =IF(OR(BF7="", BG7=""), "", (FLOOR(BG7, "1:00") - CEILING(BF7 - "00:10", "1:00") + (FLOOR(BG7, "1:00") < CEILING(BF7 - "00:10", "1:00"))) * 24) -> 0 | BF7: =IFERROR(MINIFS(DB_Logs!$B:$B, DB_Logs!$A:$A, BE$1, DB_Logs!$C:$C, $A7), "") -> 0 | BG7: =IFERROR(MAXIFS(DB_Logs!$B:$B, DB_Logs!$A:$A, BE$1, DB_Logs!$C:$C, $A7), "") -> 0 | BH7: =IF(OR(BI7="", BJ7=""), "", (FLOOR(BJ7, "1:00") - CEILING(BI7 - "00:10", "1:00") + (FLOOR(BJ7, "1:00") < CEILING(BI7 - "00:10", "1:00"))) * 24) -> 0 | BI7: =IFERROR(MINIFS(DB_Logs!$B:$B, DB_Logs!$A:$A, BH$1, DB_Logs!$C:$C, $A7), "") -> 0 | BJ7: =IFERROR(MAXIFS(DB_Logs!$B:$B, DB_Logs!$A:$A, BH$1, DB_Logs!$C:$C, $A7), "") -> 0 | BK7: =IF(OR(BL7="", BM7=""), "", (FLOOR(BM7, "1:00") - CEILING(BL7 - "00:10", "1:00") + (FLOOR(BM7, "1:00") < CEILING(BL7 - "00:10", "1:00"))) * 24) -> 0 | BL7: =IFERROR(MINIFS(DB_Logs!$B:$B, DB_Logs!$A:$A, BK$1, DB_Logs!$C:$C, $A7), "") -> 0 | BM7: =IFERROR(MAXIFS(DB_Logs!$B:$B, DB_Logs!$A:$A, BK$1, DB_Logs!$C:$C, $A7), "") -> 0 | BN7: =IF(OR(BO7="", BP7=""), "", (FLOOR(BP7, "1:00") - CEILING(BO7 - "00:10", "1:00") + (FLOOR(BP7, "1:00") < CEILING(BO7 - "00:10", "1:00"))) * 24) -> 0 | BO7: =IFERROR(MINIFS(DB_Logs!$B:$B, DB_Logs!$A:$A, BN$1, DB_Logs!$C:$C, $A7), "") -> 0 | BP7: =IFERROR(MAXIFS(DB_Logs!$B:$B, DB_Logs!$A:$A, BN$1, DB_Logs!$C:$C, $A7), "") -> 0 | BQ7: =IF(OR(BR7="", BS7=""), "", (FLOOR(BS7, "1:00") - CEILING(BR7 - "00:10", "1:00") + (FLOOR(BS7, "1:00") < CEILING(BR7 - "00:10", "1:00"))) * 24) -> 0 | BR7: =IFERROR(MINIFS(DB_Logs!$B:$B, DB_Logs!$A:$A, BQ$1, DB_Logs!$C:$C, $A7), "") -> 0 | BS7: =IFERROR(MAXIFS(DB_Logs!$B:$B, DB_Logs!$A:$A, BQ$1, DB_Logs!$C:$C, $A7), "") -> 0 | BT7: =IF(OR(BU7="", BV7=""), "", (FLOOR(BV7, "1:00") - CEILING(BU7 - "00:10", "1:00") + (FLOOR(BV7, "1:00") < CEILING(BU7 - "00:10", "1:00"))) * 24) -> 0 | BU7: =IFERROR(MINIFS(DB_Logs!$B:$B, DB_Logs!$A:$A, BT$1, DB_Logs!$C:$C, $A7), "") -> 0 | BV7: =IFERROR(MAXIFS(DB_Logs!$B:$B, DB_Logs!$A:$A, BT$1, DB_Logs!$C:$C, $A7), "") -> 0 | BW7: =IF(OR(BX7="", BY7=""), "", (FLOOR(BY7, "1:00") - CEILING(BX7 - "00:10", "1:00") + (FLOOR(BY7, "1:00") < CEILING(BX7 - "00:10", "1:00"))) * 24) -> 0 | BX7: =IFERROR(MINIFS(DB_Logs!$B:$B, DB_Logs!$A:$A, BW$1, DB_Logs!$C:$C, $A7), "") -> 0 | BY7: =IFERROR(MAXIFS(DB_Logs!$B:$B, DB_Logs!$A:$A, BW$1, DB_Logs!$C:$C, $A7), "") -> 0 | BZ7: =IF(OR(CA7="", CB7=""), "", (FLOOR(CB7, "1:00") - CEILING(CA7 - "00:10", "1:00") + (FLOOR(CB7, "1:00") < CEILING(CA7 - "00:10", "1:00"))) * 24) -> 0 | CA7: =IFERROR(MINIFS(DB_Logs!$B:$B, DB_Logs!$A:$A, BZ$1, DB_Logs!$C:$C, $A7), "") -> 0 | CB7: =IFERROR(MAXIFS(DB_Logs!$B:$B, DB_Logs!$A:$A, BZ$1, DB_Logs!$C:$C, $A7), "") -> 0 | CC7: =IF(OR(CD7="", CE7=""), "", (FLOOR(CE7, "1:00") - CEILING(CD7 - "00:10", "1:00") + (FLOOR(CE7, "1:00") < CEILING(CD7 - "00:10", "1:00"))) * 24) -> 0 | CD7: =IFERROR(MINIFS(DB_Logs!$B:$B, DB_Logs!$A:$A, CC$1, DB_Logs!$C:$C, $A7), "") -> 0 | CE7: =IFERROR(MAXIFS(DB_Logs!$B:$B, DB_Logs!$A:$A, CC$1, DB_Logs!$C:$C, $A7), "") -> 0 | CF7: =IF(OR(CG7="", CH7=""), "", (FLOOR(CH7, "1:00") - CEILING(CG7 - "00:10", "1:00") + (FLOOR(CH7, "1:00") < CEILING(CG7 - "00:10", "1:00"))) * 24) -> 0 | CG7: =IFERROR(MINIFS(DB_Logs!$B:$B, DB_Logs!$A:$A, CF$1, DB_Logs!$C:$C, $A7), "") -> 0 | CH7: =IFERROR(MAXIFS(DB_Logs!$B:$B, DB_Logs!$A:$A, CF$1, DB_Logs!$C:$C, $A7), "") -> 0 | CI7: =IF(OR(CJ7="", CK7=""), "", (FLOOR(CK7, "1:00") - CEILING(CJ7 - "00:10", "1:00") + (FLOOR(CK7, "1:00") < CEILING(CJ7 - "00:10", "1:00"))) * 24) -> 0 | CJ7: =IFERROR(MINIFS(DB_Logs!$B:$B, DB_Logs!$A:$A, CI$1, DB_Logs!$C:$C, $A7), "") -> 0 | CK7: =IFERROR(MAXIFS(DB_Logs!$B:$B, DB_Logs!$A:$A, CI$1, DB_Logs!$C:$C, $A7), "") -> 0 | CL7: =IF(OR(CM7="", CN7=""), "", (FLOOR(CN7, "1:00") - CEILING(CM7 - "00:10", "1:00") + (FLOOR(CN7, "1:00") < CEILING(CM7 - "00:10", "1:00"))) * 24) -> 0 | CM7: =IFERROR(MINIFS(DB_Logs!$B:$B, DB_Logs!$A:$A, CL$1, DB_Logs!$C:$C, $A7), "") -> 0 | CN7: =IFERROR(MAXIFS(DB_Logs!$B:$B, DB_Logs!$A:$A, CL$1, DB_Logs!$C:$C, $A7), "") -> 0 | CO7: =IF(OR(CP7="", CQ7=""), "", (FLOOR(CQ7, "1:00") - CEILING(CP7 - "00:10", "1:00") + (FLOOR(CQ7, "1:00") < CEILING(CP7 - "00:10", "1:00"))) * 24) -> 0 | CP7: =IFERROR(MINIFS(DB_Logs!$B:$B, DB_Logs!$A:$A, CO$1, DB_Logs!$C:$C, $A7), "") -> 0 | CQ7: =IFERROR(MAXIFS(DB_Logs!$B:$B, DB_Logs!$A:$A, CO$1, DB_Logs!$C:$C, $A7), "") -> 0
A8: Сотрудник 6 | B8: =SUMIF($2:$2, "Часы", 8:8) -> 0 | C8: =IF(OR(D8="", E8=""), "", (FLOOR(E8, "1:00") - CEILING(D8 - "00:10", "1:00") + (FLOOR(E8, "1:00") < CEILING(D8 - "00:10", "1:00"))) * 24) -> 0 | D8: =IFERROR(MINIFS(DB_Logs!$B:$B, DB_Logs!$A:$A, C$1, DB_Logs!$C:$C, $A8), "") -> 0 | E8: =IFERROR(MAXIFS(DB_Logs!$B:$B, DB_Logs!$A:$A, C$1, DB_Logs!$C:$C, $A8), "") -> 0 | F8: =IF(OR(G8="", H8=""), "", (FLOOR(H8, "1:00") - CEILING(G8 - "00:10", "1:00") + (FLOOR(H8, "1:00") < CEILING(G8 - "00:10", "1:00"))) * 24) -> 0 | G8: =IFERROR(MINIFS(DB_Logs!$B:$B, DB_Logs!$A:$A, F$1, DB_Logs!$C:$C, $A8), "") -> 0 | H8: =IFERROR(MAXIFS(DB_Logs!$B:$B, DB_Logs!$A:$A, F$1, DB_Logs!$C:$C, $A8), "") -> 0 | I8: =IF(OR(J8="", K8=""), "", (FLOOR(K8, "1:00") - CEILING(J8 - "00:10", "1:00") + (FLOOR(K8, "1:00") < CEILING(J8 - "00:10", "1:00"))) * 24) -> 0 | J8: =IFERROR(MINIFS(DB_Logs!$B:$B, DB_Logs!$A:$A, I$1, DB_Logs!$C:$C, $A8), "") -> 0 | K8: =IFERROR(MAXIFS(DB_Logs!$B:$B, DB_Logs!$A:$A, I$1, DB_Logs!$C:$C, $A8), "") -> 0 | L8: =IF(OR(M8="", N8=""), "", (FLOOR(N8, "1:00") - CEILING(M8 - "00:10", "1:00") + (FLOOR(N8, "1:00") < CEILING(M8 - "00:10", "1:00"))) * 24) -> 0 | M8: =IFERROR(MINIFS(DB_Logs!$B:$B, DB_Logs!$A:$A, L$1, DB_Logs!$C:$C, $A8), "") -> 0 | N8: =IFERROR(MAXIFS(DB_Logs!$B:$B, DB_Logs!$A:$A, L$1, DB_Logs!$C:$C, $A8), "") -> 0 | O8: =IF(OR(P8="", Q8=""), "", (FLOOR(Q8, "1:00") - CEILING(P8 - "00:10", "1:00") + (FLOOR(Q8, "1:00") < CEILING(P8 - "00:10", "1:00"))) * 24) -> 0 | P8: =IFERROR(MINIFS(DB_Logs!$B:$B, DB_Logs!$A:$A, O$1, DB_Logs!$C:$C, $A8), "") -> 0 | Q8: =IFERROR(MAXIFS(DB_Logs!$B:$B, DB_Logs!$A:$A, O$1, DB_Logs!$C:$C, $A8), "") -> 0 | R8: =IF(OR(S8="", T8=""), "", (FLOOR(T8, "1:00") - CEILING(S8 - "00:10", "1:00") + (FLOOR(T8, "1:00") < CEILING(S8 - "00:10", "1:00"))) * 24) -> 0 | S8: =IFERROR(MINIFS(DB_Logs!$B:$B, DB_Logs!$A:$A, R$1, DB_Logs!$C:$C, $A8), "") -> 0 | T8: =IFERROR(MAXIFS(DB_Logs!$B:$B, DB_Logs!$A:$A, R$1, DB_Logs!$C:$C, $A8), "") -> 0 | U8: =IF(OR(V8="", W8=""), "", (FLOOR(W8, "1:00") - CEILING(V8 - "00:10", "1:00") + (FLOOR(W8, "1:00") < CEILING(V8 - "00:10", "1:00"))) * 24) -> 0 | V8: =IFERROR(MINIFS(DB_Logs!$B:$B, DB_Logs!$A:$A, U$1, DB_Logs!$C:$C, $A8), "") -> 0 | W8: =IFERROR(MAXIFS(DB_Logs!$B:$B, DB_Logs!$A:$A, U$1, DB_Logs!$C:$C, $A8), "") -> 0 | X8: =IF(OR(Y8="", Z8=""), "", (FLOOR(Z8, "1:00") - CEILING(Y8 - "00:10", "1:00") + (FLOOR(Z8, "1:00") < CEILING(Y8 - "00:10", "1:00"))) * 24) -> 0 | Y8: =IFERROR(MINIFS(DB_Logs!$B:$B, DB_Logs!$A:$A, X$1, DB_Logs!$C:$C, $A8), "") -> 0 | Z8: =IFERROR(MAXIFS(DB_Logs!$B:$B, DB_Logs!$A:$A, X$1, DB_Logs!$C:$C, $A8), "") -> 0 | AA8: =IF(OR(AB8="", AC8=""), "", (FLOOR(AC8, "1:00") - CEILING(AB8 - "00:10", "1:00") + (FLOOR(AC8, "1:00") < CEILING(AB8 - "00:10", "1:00"))) * 24) -> 0 | AB8: =IFERROR(MINIFS(DB_Logs!$B:$B, DB_Logs!$A:$A, AA$1, DB_Logs!$C:$C, $A8), "") -> 0 | AC8: =IFERROR(MAXIFS(DB_Logs!$B:$B, DB_Logs!$A:$A, AA$1, DB_Logs!$C:$C, $A8), "") -> 0 | AD8: =IF(OR(AE8="", AF8=""), "", (FLOOR(AF8, "1:00") - CEILING(AE8 - "00:10", "1:00") + (FLOOR(AF8, "1:00") < CEILING(AE8 - "00:10", "1:00"))) * 24) -> 0 | AE8: =IFERROR(MINIFS(DB_Logs!$B:$B, DB_Logs!$A:$A, AD$1, DB_Logs!$C:$C, $A8), "") -> 0 | AF8: =IFERROR(MAXIFS(DB_Logs!$B:$B, DB_Logs!$A:$A, AD$1, DB_Logs!$C:$C, $A8), "") -> 0 | AG8: =IF(OR(AH8="", AI8=""), "", (FLOOR(AI8, "1:00") - CEILING(AH8 - "00:10", "1:00") + (FLOOR(AI8, "1:00") < CEILING(AH8 - "00:10", "1:00"))) * 24) -> 0 | AH8: =IFERROR(MINIFS(DB_Logs!$B:$B, DB_Logs!$A:$A, AG$1, DB_Logs!$C:$C, $A8), "") -> 0 | AI8: =IFERROR(MAXIFS(DB_Logs!$B:$B, DB_Logs!$A:$A, AG$1, DB_Logs!$C:$C, $A8), "") -> 0 | AJ8: =IF(OR(AK8="", AL8=""), "", (FLOOR(AL8, "1:00") - CEILING(AK8 - "00:10", "1:00") + (FLOOR(AL8, "1:00") < CEILING(AK8 - "00:10", "1:00"))) * 24) -> 0 | AK8: =IFERROR(MINIFS(DB_Logs!$B:$B, DB_Logs!$A:$A, AJ$1, DB_Logs!$C:$C, $A8), "") -> 0 | AL8: =IFERROR(MAXIFS(DB_Logs!$B:$B, DB_Logs!$A:$A, AJ$1, DB_Logs!$C:$C, $A8), "") -> 0 | AM8: =IF(OR(AN8="", AO8=""), "", (FLOOR(AO8, "1:00") - CEILING(AN8 - "00:10", "1:00") + (FLOOR(AO8, "1:00") < CEILING(AN8 - "00:10", "1:00"))) * 24) -> 0 | AN8: =IFERROR(MINIFS(DB_Logs!$B:$B, DB_Logs!$A:$A, AM$1, DB_Logs!$C:$C, $A8), "") -> 0 | AO8: =IFERROR(MAXIFS(DB_Logs!$B:$B, DB_Logs!$A:$A, AM$1, DB_Logs!$C:$C, $A8), "") -> 0 | AP8: =IF(OR(AQ8="", AR8=""), "", (FLOOR(AR8, "1:00") - CEILING(AQ8 - "00:10", "1:00") + (FLOOR(AR8, "1:00") < CEILING(AQ8 - "00:10", "1:00"))) * 24) -> 0 | AQ8: =IFERROR(MINIFS(DB_Logs!$B:$B, DB_Logs!$A:$A, AP$1, DB_Logs!$C:$C, $A8), "") -> 0 | AR8: =IFERROR(MAXIFS(DB_Logs!$B:$B, DB_Logs!$A:$A, AP$1, DB_Logs!$C:$C, $A8), "") -> 0 | AS8: =IF(OR(AT8="", AU8=""), "", (FLOOR(AU8, "1:00") - CEILING(AT8 - "00:10", "1:00") + (FLOOR(AU8, "1:00") < CEILING(AT8 - "00:10", "1:00"))) * 24) -> 0 | AT8: =IFERROR(MINIFS(DB_Logs!$B:$B, DB_Logs!$A:$A, AS$1, DB_Logs!$C:$C, $A8), "") -> 0 | AU8: =IFERROR(MAXIFS(DB_Logs!$B:$B, DB_Logs!$A:$A, AS$1, DB_Logs!$C:$C, $A8), "") -> 0 | AV8: =IF(OR(AW8="", AX8=""), "", (FLOOR(AX8, "1:00") - CEILING(AW8 - "00:10", "1:00") + (FLOOR(AX8, "1:00") < CEILING(AW8 - "00:10", "1:00"))) * 24) -> 0 | AW8: =IFERROR(MINIFS(DB_Logs!$B:$B, DB_Logs!$A:$A, AV$1, DB_Logs!$C:$C, $A8), "") -> 0 | AX8: =IFERROR(MAXIFS(DB_Logs!$B:$B, DB_Logs!$A:$A, AV$1, DB_Logs!$C:$C, $A8), "") -> 0 | AY8: =IF(OR(AZ8="", BA8=""), "", (FLOOR(BA8, "1:00") - CEILING(AZ8 - "00:10", "1:00") + (FLOOR(BA8, "1:00") < CEILING(AZ8 - "00:10", "1:00"))) * 24) -> 0 | AZ8: =IFERROR(MINIFS(DB_Logs!$B:$B, DB_Logs!$A:$A, AY$1, DB_Logs!$C:$C, $A8), "") -> 0 | BA8: =IFERROR(MAXIFS(DB_Logs!$B:$B, DB_Logs!$A:$A, AY$1, DB_Logs!$C:$C, $A8), "") -> 0 | BB8: =IF(OR(BC8="", BD8=""), "", (FLOOR(BD8, "1:00") - CEILING(BC8 - "00:10", "1:00") + (FLOOR(BD8, "1:00") < CEILING(BC8 - "00:10", "1:00"))) * 24) -> 0 | BC8: =IFERROR(MINIFS(DB_Logs!$B:$B, DB_Logs!$A:$A, BB$1, DB_Logs!$C:$C, $A8), "") -> 0 | BD8: =IFERROR(MAXIFS(DB_Logs!$B:$B, DB_Logs!$A:$A, BB$1, DB_Logs!$C:$C, $A8), "") -> 0 | BE8: =IF(OR(BF8="", BG8=""), "", (FLOOR(BG8, "1:00") - CEILING(BF8 - "00:10", "1:00") + (FLOOR(BG8, "1:00") < CEILING(BF8 - "00:10", "1:00"))) * 24) -> 0 | BF8: =IFERROR(MINIFS(DB_Logs!$B:$B, DB_Logs!$A:$A, BE$1, DB_Logs!$C:$C, $A8), "") -> 0 | BG8: =IFERROR(MAXIFS(DB_Logs!$B:$B, DB_Logs!$A:$A, BE$1, DB_Logs!$C:$C, $A8), "") -> 0 | BH8: =IF(OR(BI8="", BJ8=""), "", (FLOOR(BJ8, "1:00") - CEILING(BI8 - "00:10", "1:00") + (FLOOR(BJ8, "1:00") < CEILING(BI8 - "00:10", "1:00"))) * 24) -> 0 | BI8: =IFERROR(MINIFS(DB_Logs!$B:$B, DB_Logs!$A:$A, BH$1, DB_Logs!$C:$C, $A8), "") -> 0 | BJ8: =IFERROR(MAXIFS(DB_Logs!$B:$B, DB_Logs!$A:$A, BH$1, DB_Logs!$C:$C, $A8), "") -> 0 | BK8: =IF(OR(BL8="", BM8=""), "", (FLOOR(BM8, "1:00") - CEILING(BL8 - "00:10", "1:00") + (FLOOR(BM8, "1:00") < CEILING(BL8 - "00:10", "1:00"))) * 24) -> 0 | BL8: =IFERROR(MINIFS(DB_Logs!$B:$B, DB_Logs!$A:$A, BK$1, DB_Logs!$C:$C, $A8), "") -> 0 | BM8: =IFERROR(MAXIFS(DB_Logs!$B:$B, DB_Logs!$A:$A, BK$1, DB_Logs!$C:$C, $A8), "") -> 0 | BN8: =IF(OR(BO8="", BP8=""), "", (FLOOR(BP8, "1:00") - CEILING(BO8 - "00:10", "1:00") + (FLOOR(BP8, "1:00") < CEILING(BO8 - "00:10", "1:00"))) * 24) -> 0 | BO8: =IFERROR(MINIFS(DB_Logs!$B:$B, DB_Logs!$A:$A, BN$1, DB_Logs!$C:$C, $A8), "") -> 0 | BP8: =IFERROR(MAXIFS(DB_Logs!$B:$B, DB_Logs!$A:$A, BN$1, DB_Logs!$C:$C, $A8), "") -> 0 | BQ8: =IF(OR(BR8="", BS8=""), "", (FLOOR(BS8, "1:00") - CEILING(BR8 - "00:10", "1:00") + (FLOOR(BS8, "1:00") < CEILING(BR8 - "00:10", "1:00"))) * 24) -> 0 | BR8: =IFERROR(MINIFS(DB_Logs!$B:$B, DB_Logs!$A:$A, BQ$1, DB_Logs!$C:$C, $A8), "") -> 0 | BS8: =IFERROR(MAXIFS(DB_Logs!$B:$B, DB_Logs!$A:$A, BQ$1, DB_Logs!$C:$C, $A8), "") -> 0 | BT8: =IF(OR(BU8="", BV8=""), "", (FLOOR(BV8, "1:00") - CEILING(BU8 - "00:10", "1:00") + (FLOOR(BV8, "1:00") < CEILING(BU8 - "00:10", "1:00"))) * 24) -> 0 | BU8: =IFERROR(MINIFS(DB_Logs!$B:$B, DB_Logs!$A:$A, BT$1, DB_Logs!$C:$C, $A8), "") -> 0 | BV8: =IFERROR(MAXIFS(DB_Logs!$B:$B, DB_Logs!$A:$A, BT$1, DB_Logs!$C:$C, $A8), "") -> 0 | BW8: =IF(OR(BX8="", BY8=""), "", (FLOOR(BY8, "1:00") - CEILING(BX8 - "00:10", "1:00") + (FLOOR(BY8, "1:00") < CEILING(BX8 - "00:10", "1:00"))) * 24) -> 0 | BX8: =IFERROR(MINIFS(DB_Logs!$B:$B, DB_Logs!$A:$A, BW$1, DB_Logs!$C:$C, $A8), "") -> 0 | BY8: =IFERROR(MAXIFS(DB_Logs!$B:$B, DB_Logs!$A:$A, BW$1, DB_Logs!$C:$C, $A8), "") -> 0 | BZ8: =IF(OR(CA8="", CB8=""), "", (FLOOR(CB8, "1:00") - CEILING(CA8 - "00:10", "1:00") + (FLOOR(CB8, "1:00") < CEILING(CA8 - "00:10", "1:00"))) * 24) -> 0 | CA8: =IFERROR(MINIFS(DB_Logs!$B:$B, DB_Logs!$A:$A, BZ$1, DB_Logs!$C:$C, $A8), "") -> 0 | CB8: =IFERROR(MAXIFS(DB_Logs!$B:$B, DB_Logs!$A:$A, BZ$1, DB_Logs!$C:$C, $A8), "") -> 0 | CC8: =IF(OR(CD8="", CE8=""), "", (FLOOR(CE8, "1:00") - CEILING(CD8 - "00:10", "1:00") + (FLOOR(CE8, "1:00") < CEILING(CD8 - "00:10", "1:00"))) * 24) -> 0 | CD8: =IFERROR(MINIFS(DB_Logs!$B:$B, DB_Logs!$A:$A, CC$1, DB_Logs!$C:$C, $A8), "") -> 0 | CE8: =IFERROR(MAXIFS(DB_Logs!$B:$B, DB_Logs!$A:$A, CC$1, DB_Logs!$C:$C, $A8), "") -> 0 | CF8: =IF(OR(CG8="", CH8=""), "", (FLOOR(CH8, "1:00") - CEILING(CG8 - "00:10", "1:00") + (FLOOR(CH8, "1:00") < CEILING(CG8 - "00:10", "1:00"))) * 24) -> 0 | CG8: =IFERROR(MINIFS(DB_Logs!$B:$B, DB_Logs!$A:$A, CF$1, DB_Logs!$C:$C, $A8), "") -> 0 | CH8: =IFERROR(MAXIFS(DB_Logs!$B:$B, DB_Logs!$A:$A, CF$1, DB_Logs!$C:$C, $A8), "") -> 0 | CI8: =IF(OR(CJ8="", CK8=""), "", (FLOOR(CK8, "1:00") - CEILING(CJ8 - "00:10", "1:00") + (FLOOR(CK8, "1:00") < CEILING(CJ8 - "00:10", "1:00"))) * 24) -> 0 | CJ8: =IFERROR(MINIFS(DB_Logs!$B:$B, DB_Logs!$A:$A, CI$1, DB_Logs!$C:$C, $A8), "") -> 0 | CK8: =IFERROR(MAXIFS(DB_Logs!$B:$B, DB_Logs!$A:$A, CI$1, DB_Logs!$C:$C, $A8), "") -> 0 | CL8: =IF(OR(CM8="", CN8=""), "", (FLOOR(CN8, "1:00") - CEILING(CM8 - "00:10", "1:00") + (FLOOR(CN8, "1:00") < CEILING(CM8 - "00:10", "1:00"))) * 24) -> 0 | CM8: =IFERROR(MINIFS(DB_Logs!$B:$B, DB_Logs!$A:$A, CL$1, DB_Logs!$C:$C, $A8), "") -> 0 | CN8: =IFERROR(MAXIFS(DB_Logs!$B:$B, DB_Logs!$A:$A, CL$1, DB_Logs!$C:$C, $A8), "") -> 0 | CO8: =IF(OR(CP8="", CQ8=""), "", (FLOOR(CQ8, "1:00") - CEILING(CP8 - "00:10", "1:00") + (FLOOR(CQ8, "1:00") < CEILING(CP8 - "00:10", "1:00"))) * 24) -> 0 | CP8: =IFERROR(MINIFS(DB_Logs!$B:$B, DB_Logs!$A:$A, CO$1, DB_Logs!$C:$C, $A8), "") -> 0 | CQ8: =IFERROR(MAXIFS(DB_Logs!$B:$B, DB_Logs!$A:$A, CO$1, DB_Logs!$C:$C, $A8), "") -> 0
A9: Сотрудник 7 | B9: =SUMIF($2:$2, "Часы", 9:9) -> 0 | C9: =IF(OR(D9="", E9=""), "", (FLOOR(E9, "1:00") - CEILING(D9 - "00:10", "1:00") + (FLOOR(E9, "1:00") < CEILING(D9 - "00:10", "1:00"))) * 24) -> 0 | D9: =IFERROR(MINIFS(DB_Logs!$B:$B, DB_Logs!$A:$A, C$1, DB_Logs!$C:$C, $A9), "") -> 0 | E9: =IFERROR(MAXIFS(DB_Logs!$B:$B, DB_Logs!$A:$A, C$1, DB_Logs!$C:$C, $A9), "") -> 0 | F9: =IF(OR(G9="", H9=""), "", (FLOOR(H9, "1:00") - CEILING(G9 - "00:10", "1:00") + (FLOOR(H9, "1:00") < CEILING(G9 - "00:10", "1:00"))) * 24) -> 0 | G9: =IFERROR(MINIFS(DB_Logs!$B:$B, DB_Logs!$A:$A, F$1, DB_Logs!$C:$C, $A9), "") -> 0 | H9: =IFERROR(MAXIFS(DB_Logs!$B:$B, DB_Logs!$A:$A, F$1, DB_Logs!$C:$C, $A9), "") -> 0 | I9: =IF(OR(J9="", K9=""), "", (FLOOR(K9, "1:00") - CEILING(J9 - "00:10", "1:00") + (FLOOR(K9, "1:00") < CEILING(J9 - "00:10", "1:00"))) * 24) -> 0 | J9: =IFERROR(MINIFS(DB_Logs!$B:$B, DB_Logs!$A:$A, I$1, DB_Logs!$C:$C, $A9), "") -> 0 | K9: =IFERROR(MAXIFS(DB_Logs!$B:$B, DB_Logs!$A:$A, I$1, DB_Logs!$C:$C, $A9), "") -> 0 | L9: =IF(OR(M9="", N9=""), "", (FLOOR(N9, "1:00") - CEILING(M9 - "00:10", "1:00") + (FLOOR(N9, "1:00") < CEILING(M9 - "00:10", "1:00"))) * 24) -> 0 | M9: =IFERROR(MINIFS(DB_Logs!$B:$B, DB_Logs!$A:$A, L$1, DB_Logs!$C:$C, $A9), "") -> 0 | N9: =IFERROR(MAXIFS(DB_Logs!$B:$B, DB_Logs!$A:$A, L$1, DB_Logs!$C:$C, $A9), "") -> 0 | O9: =IF(OR(P9="", Q9=""), "", (FLOOR(Q9, "1:00") - CEILING(P9 - "00:10", "1:00") + (FLOOR(Q9, "1:00") < CEILING(P9 - "00:10", "1:00"))) * 24) -> 0 | P9: =IFERROR(MINIFS(DB_Logs!$B:$B, DB_Logs!$A:$A, O$1, DB_Logs!$C:$C, $A9), "") -> 0 | Q9: =IFERROR(MAXIFS(DB_Logs!$B:$B, DB_Logs!$A:$A, O$1, DB_Logs!$C:$C, $A9), "") -> 0 | R9: =IF(OR(S9="", T9=""), "", (FLOOR(T9, "1:00") - CEILING(S9 - "00:10", "1:00") + (FLOOR(T9, "1:00") < CEILING(S9 - "00:10", "1:00"))) * 24) -> 0 | S9: =IFERROR(MINIFS(DB_Logs!$B:$B, DB_Logs!$A:$A, R$1, DB_Logs!$C:$C, $A9), "") -> 0 | T9: =IFERROR(MAXIFS(DB_Logs!$B:$B, DB_Logs!$A:$A, R$1, DB_Logs!$C:$C, $A9), "") -> 0 | U9: =IF(OR(V9="", W9=""), "", (FLOOR(W9, "1:00") - CEILING(V9 - "00:10", "1:00") + (FLOOR(W9, "1:00") < CEILING(V9 - "00:10", "1:00"))) * 24) -> 0 | V9: =IFERROR(MINIFS(DB_Logs!$B:$B, DB_Logs!$A:$A, U$1, DB_Logs!$C:$C, $A9), "") -> 0 | W9: =IFERROR(MAXIFS(DB_Logs!$B:$B, DB_Logs!$A:$A, U$1, DB_Logs!$C:$C, $A9), "") -> 0 | X9: =IF(OR(Y9="", Z9=""), "", (FLOOR(Z9, "1:00") - CEILING(Y9 - "00:10", "1:00") + (FLOOR(Z9, "1:00") < CEILING(Y9 - "00:10", "1:00"))) * 24) -> 0 | Y9: =IFERROR(MINIFS(DB_Logs!$B:$B, DB_Logs!$A:$A, X$1, DB_Logs!$C:$C, $A9), "") -> 0 | Z9: =IFERROR(MAXIFS(DB_Logs!$B:$B, DB_Logs!$A:$A, X$1, DB_Logs!$C:$C, $A9), "") -> 0 | AA9: =IF(OR(AB9="", AC9=""), "", (FLOOR(AC9, "1:00") - CEILING(AB9 - "00:10", "1:00") + (FLOOR(AC9, "1:00") < CEILING(AB9 - "00:10", "1:00"))) * 24) -> 0 | AB9: =IFERROR(MINIFS(DB_Logs!$B:$B, DB_Logs!$A:$A, AA$1, DB_Logs!$C:$C, $A9), "") -> 0 | AC9: =IFERROR(MAXIFS(DB_Logs!$B:$B, DB_Logs!$A:$A, AA$1, DB_Logs!$C:$C, $A9), "") -> 0 | AD9: =IF(OR(AE9="", AF9=""), "", (FLOOR(AF9, "1:00") - CEILING(AE9 - "00:10", "1:00") + (FLOOR(AF9, "1:00") < CEILING(AE9 - "00:10", "1:00"))) * 24) -> 0 | AE9: =IFERROR(MINIFS(DB_Logs!$B:$B, DB_Logs!$A:$A, AD$1, DB_Logs!$C:$C, $A9), "") -> 0 | AF9: =IFERROR(MAXIFS(DB_Logs!$B:$B, DB_Logs!$A:$A, AD$1, DB_Logs!$C:$C, $A9), "") -> 0 | AG9: =IF(OR(AH9="", AI9=""), "", (FLOOR(AI9, "1:00") - CEILING(AH9 - "00:10", "1:00") + (FLOOR(AI9, "1:00") < CEILING(AH9 - "00:10", "1:00"))) * 24) -> 0 | AH9: =IFERROR(MINIFS(DB_Logs!$B:$B, DB_Logs!$A:$A, AG$1, DB_Logs!$C:$C, $A9), "") -> 0 | AI9: =IFERROR(MAXIFS(DB_Logs!$B:$B, DB_Logs!$A:$A, AG$1, DB_Logs!$C:$C, $A9), "") -> 0 | AJ9: =IF(OR(AK9="", AL9=""), "", (FLOOR(AL9, "1:00") - CEILING(AK9 - "00:10", "1:00") + (FLOOR(AL9, "1:00") < CEILING(AK9 - "00:10", "1:00"))) * 24) -> 0 | AK9: =IFERROR(MINIFS(DB_Logs!$B:$B, DB_Logs!$A:$A, AJ$1, DB_Logs!$C:$C, $A9), "") -> 0 | AL9: =IFERROR(MAXIFS(DB_Logs!$B:$B, DB_Logs!$A:$A, AJ$1, DB_Logs!$C:$C, $A9), "") -> 0 | AM9: =IF(OR(AN9="", AO9=""), "", (FLOOR(AO9, "1:00") - CEILING(AN9 - "00:10", "1:00") + (FLOOR(AO9, "1:00") < CEILING(AN9 - "00:10", "1:00"))) * 24) -> 0 | AN9: =IFERROR(MINIFS(DB_Logs!$B:$B, DB_Logs!$A:$A, AM$1, DB_Logs!$C:$C, $A9), "") -> 0 | AO9: =IFERROR(MAXIFS(DB_Logs!$B:$B, DB_Logs!$A:$A, AM$1, DB_Logs!$C:$C, $A9), "") -> 0 | AP9: =IF(OR(AQ9="", AR9=""), "", (FLOOR(AR9, "1:00") - CEILING(AQ9 - "00:10", "1:00") + (FLOOR(AR9, "1:00") < CEILING(AQ9 - "00:10", "1:00"))) * 24) -> 0 | AQ9: =IFERROR(MINIFS(DB_Logs!$B:$B, DB_Logs!$A:$A, AP$1, DB_Logs!$C:$C, $A9), "") -> 0 | AR9: =IFERROR(MAXIFS(DB_Logs!$B:$B, DB_Logs!$A:$A, AP$1, DB_Logs!$C:$C, $A9), "") -> 0 | AS9: =IF(OR(AT9="", AU9=""), "", (FLOOR(AU9, "1:00") - CEILING(AT9 - "00:10", "1:00") + (FLOOR(AU9, "1:00") < CEILING(AT9 - "00:10", "1:00"))) * 24) -> 0 | AT9: =IFERROR(MINIFS(DB_Logs!$B:$B, DB_Logs!$A:$A, AS$1, DB_Logs!$C:$C, $A9), "") -> 0 | AU9: =IFERROR(MAXIFS(DB_Logs!$B:$B, DB_Logs!$A:$A, AS$1, DB_Logs!$C:$C, $A9), "") -> 0 | AV9: =IF(OR(AW9="", AX9=""), "", (FLOOR(AX9, "1:00") - CEILING(AW9 - "00:10", "1:00") + (FLOOR(AX9, "1:00") < CEILING(AW9 - "00:10", "1:00"))) * 24) -> 0 | AW9: =IFERROR(MINIFS(DB_Logs!$B:$B, DB_Logs!$A:$A, AV$1, DB_Logs!$C:$C, $A9), "") -> 0 | AX9: =IFERROR(MAXIFS(DB_Logs!$B:$B, DB_Logs!$A:$A, AV$1, DB_Logs!$C:$C, $A9), "") -> 0 | AY9: =IF(OR(AZ9="", BA9=""), "", (FLOOR(BA9, "1:00") - CEILING(AZ9 - "00:10", "1:00") + (FLOOR(BA9, "1:00") < CEILING(AZ9 - "00:10", "1:00"))) * 24) -> 0 | AZ9: =IFERROR(MINIFS(DB_Logs!$B:$B, DB_Logs!$A:$A, AY$1, DB_Logs!$C:$C, $A9), "") -> 0 | BA9: =IFERROR(MAXIFS(DB_Logs!$B:$B, DB_Logs!$A:$A, AY$1, DB_Logs!$C:$C, $A9), "") -> 0 | BB9: =IF(OR(BC9="", BD9=""), "", (FLOOR(BD9, "1:00") - CEILING(BC9 - "00:10", "1:00") + (FLOOR(BD9, "1:00") < CEILING(BC9 - "00:10", "1:00"))) * 24) -> 0 | BC9: =IFERROR(MINIFS(DB_Logs!$B:$B, DB_Logs!$A:$A, BB$1, DB_Logs!$C:$C, $A9), "") -> 0 | BD9: =IFERROR(MAXIFS(DB_Logs!$B:$B, DB_Logs!$A:$A, BB$1, DB_Logs!$C:$C, $A9), "") -> 0 | BE9: =IF(OR(BF9="", BG9=""), "", (FLOOR(BG9, "1:00") - CEILING(BF9 - "00:10", "1:00") + (FLOOR(BG9, "1:00") < CEILING(BF9 - "00:10", "1:00"))) * 24) -> 0 | BF9: =IFERROR(MINIFS(DB_Logs!$B:$B, DB_Logs!$A:$A, BE$1, DB_Logs!$C:$C, $A9), "") -> 0 | BG9: =IFERROR(MAXIFS(DB_Logs!$B:$B, DB_Logs!$A:$A, BE$1, DB_Logs!$C:$C, $A9), "") -> 0 | BH9: =IF(OR(BI9="", BJ9=""), "", (FLOOR(BJ9, "1:00") - CEILING(BI9 - "00:10", "1:00") + (FLOOR(BJ9, "1:00") < CEILING(BI9 - "00:10", "1:00"))) * 24) -> 0 | BI9: =IFERROR(MINIFS(DB_Logs!$B:$B, DB_Logs!$A:$A, BH$1, DB_Logs!$C:$C, $A9), "") -> 0 | BJ9: =IFERROR(MAXIFS(DB_Logs!$B:$B, DB_Logs!$A:$A, BH$1, DB_Logs!$C:$C, $A9), "") -> 0 | BK9: =IF(OR(BL9="", BM9=""), "", (FLOOR(BM9, "1:00") - CEILING(BL9 - "00:10", "1:00") + (FLOOR(BM9, "1:00") < CEILING(BL9 - "00:10", "1:00"))) * 24) -> 0 | BL9: =IFERROR(MINIFS(DB_Logs!$B:$B, DB_Logs!$A:$A, BK$1, DB_Logs!$C:$C, $A9), "") -> 0 | BM9: =IFERROR(MAXIFS(DB_Logs!$B:$B, DB_Logs!$A:$A, BK$1, DB_Logs!$C:$C, $A9), "") -> 0 | BN9: =IF(OR(BO9="", BP9=""), "", (FLOOR(BP9, "1:00") - CEILING(BO9 - "00:10", "1:00") + (FLOOR(BP9, "1:00") < CEILING(BO9 - "00:10", "1:00"))) * 24) -> 0 | BO9: =IFERROR(MINIFS(DB_Logs!$B:$B, DB_Logs!$A:$A, BN$1, DB_Logs!$C:$C, $A9), "") -> 0 | BP9: =IFERROR(MAXIFS(DB_Logs!$B:$B, DB_Logs!$A:$A, BN$1, DB_Logs!$C:$C, $A9), "") -> 0 | BQ9: =IF(OR(BR9="", BS9=""), "", (FLOOR(BS9, "1:00") - CEILING(BR9 - "00:10", "1:00") + (FLOOR(BS9, "1:00") < CEILING(BR9 - "00:10", "1:00"))) * 24) -> 0 | BR9: =IFERROR(MINIFS(DB_Logs!$B:$B, DB_Logs!$A:$A, BQ$1, DB_Logs!$C:$C, $A9), "") -> 0 | BS9: =IFERROR(MAXIFS(DB_Logs!$B:$B, DB_Logs!$A:$A, BQ$1, DB_Logs!$C:$C, $A9), "") -> 0 | BT9: =IF(OR(BU9="", BV9=""), "", (FLOOR(BV9, "1:00") - CEILING(BU9 - "00:10", "1:00") + (FLOOR(BV9, "1:00") < CEILING(BU9 - "00:10", "1:00"))) * 24) -> 0 | BU9: =IFERROR(MINIFS(DB_Logs!$B:$B, DB_Logs!$A:$A, BT$1, DB_Logs!$C:$C, $A9), "") -> 0 | BV9: =IFERROR(MAXIFS(DB_Logs!$B:$B, DB_Logs!$A:$A, BT$1, DB_Logs!$C:$C, $A9), "") -> 0 | BW9: =IF(OR(BX9="", BY9=""), "", (FLOOR(BY9, "1:00") - CEILING(BX9 - "00:10", "1:00") + (FLOOR(BY9, "1:00") < CEILING(BX9 - "00:10", "1:00"))) * 24) -> 0 | BX9: =IFERROR(MINIFS(DB_Logs!$B:$B, DB_Logs!$A:$A, BW$1, DB_Logs!$C:$C, $A9), "") -> 0 | BY9: =IFERROR(MAXIFS(DB_Logs!$B:$B, DB_Logs!$A:$A, BW$1, DB_Logs!$C:$C, $A9), "") -> 0 | BZ9: =IF(OR(CA9="", CB9=""), "", (FLOOR(CB9, "1:00") - CEILING(CA9 - "00:10", "1:00") + (FLOOR(CB9, "1:00") < CEILING(CA9 - "00:10", "1:00"))) * 24) -> 0 | CA9: =IFERROR(MINIFS(DB_Logs!$B:$B, DB_Logs!$A:$A, BZ$1, DB_Logs!$C:$C, $A9), "") -> 0 | CB9: =IFERROR(MAXIFS(DB_Logs!$B:$B, DB_Logs!$A:$A, BZ$1, DB_Logs!$C:$C, $A9), "") -> 0 | CC9: =IF(OR(CD9="", CE9=""), "", (FLOOR(CE9, "1:00") - CEILING(CD9 - "00:10", "1:00") + (FLOOR(CE9, "1:00") < CEILING(CD9 - "00:10", "1:00"))) * 24) -> 0 | CD9: =IFERROR(MINIFS(DB_Logs!$B:$B, DB_Logs!$A:$A, CC$1, DB_Logs!$C:$C, $A9), "") -> 0 | CE9: =IFERROR(MAXIFS(DB_Logs!$B:$B, DB_Logs!$A:$A, CC$1, DB_Logs!$C:$C, $A9), "") -> 0 | CF9: =IF(OR(CG9="", CH9=""), "", (FLOOR(CH9, "1:00") - CEILING(CG9 - "00:10", "1:00") + (FLOOR(CH9, "1:00") < CEILING(CG9 - "00:10", "1:00"))) * 24) -> 0 | CG9: =IFERROR(MINIFS(DB_Logs!$B:$B, DB_Logs!$A:$A, CF$1, DB_Logs!$C:$C, $A9), "") -> 0 | CH9: =IFERROR(MAXIFS(DB_Logs!$B:$B, DB_Logs!$A:$A, CF$1, DB_Logs!$C:$C, $A9), "") -> 0 | CI9: =IF(OR(CJ9="", CK9=""), "", (FLOOR(CK9, "1:00") - CEILING(CJ9 - "00:10", "1:00") + (FLOOR(CK9, "1:00") < CEILING(CJ9 - "00:10", "1:00"))) * 24) -> 0 | CJ9: =IFERROR(MINIFS(DB_Logs!$B:$B, DB_Logs!$A:$A, CI$1, DB_Logs!$C:$C, $A9), "") -> 0 | CK9: =IFERROR(MAXIFS(DB_Logs!$B:$B, DB_Logs!$A:$A, CI$1, DB_Logs!$C:$C, $A9), "") -> 0 | CL9: =IF(OR(CM9="", CN9=""), "", (FLOOR(CN9, "1:00") - CEILING(CM9 - "00:10", "1:00") + (FLOOR(CN9, "1:00") < CEILING(CM9 - "00:10", "1:00"))) * 24) -> 0 | CM9: =IFERROR(MINIFS(DB_Logs!$B:$B, DB_Logs!$A:$A, CL$1, DB_Logs!$C:$C, $A9), "") -> 0 | CN9: =IFERROR(MAXIFS(DB_Logs!$B:$B, DB_Logs!$A:$A, CL$1, DB_Logs!$C:$C, $A9), "") -> 0 | CO9: =IF(OR(CP9="", CQ9=""), "", (FLOOR(CQ9, "1:00") - CEILING(CP9 - "00:10", "1:00") + (FLOOR(CQ9, "1:00") < CEILING(CP9 - "00:10", "1:00"))) * 24) -> 0 | CP9: =IFERROR(MINIFS(DB_Logs!$B:$B, DB_Logs!$A:$A, CO$1, DB_Logs!$C:$C, $A9), "") -> 0 | CQ9: =IFERROR(MAXIFS(DB_Logs!$B:$B, DB_Logs!$A:$A, CO$1, DB_Logs!$C:$C, $A9), "") -> 0
A10: Сотрудник 8 | B10: =SUMIF($2:$2, "Часы", 10:10) -> 0 | C10: =IF(OR(D10="", E10=""), "", (FLOOR(E10, "1:00") - CEILING(D10 - "00:10", "1:00") + (FLOOR(E10, "1:00") < CEILING(D10 - "00:10", "1:00"))) * 24) -> 0 | D10: =IFERROR(MINIFS(DB_Logs!$B:$B, DB_Logs!$A:$A, C$1, DB_Logs!$C:$C, $A10), "") -> 0 | E10: =IFERROR(MAXIFS(DB_Logs!$B:$B, DB_Logs!$A:$A, C$1, DB_Logs!$C:$C, $A10), "") -> 0 | F10: =IF(OR(G10="", H10=""), "", (FLOOR(H10, "1:00") - CEILING(G10 - "00:10", "1:00") + (FLOOR(H10, "1:00") < CEILING(G10 - "00:10", "1:00"))) * 24) -> 0 | G10: =IFERROR(MINIFS(DB_Logs!$B:$B, DB_Logs!$A:$A, F$1, DB_Logs!$C:$C, $A10), "") -> 0 | H10: =IFERROR(MAXIFS(DB_Logs!$B:$B, DB_Logs!$A:$A, F$1, DB_Logs!$C:$C, $A10), "") -> 0 | I10: =IF(OR(J10="", K10=""), "", (FLOOR(K10, "1:00") - CEILING(J10 - "00:10", "1:00") + (FLOOR(K10, "1:00") < CEILING(J10 - "00:10", "1:00"))) * 24) -> 0 | J10: =IFERROR(MINIFS(DB_Logs!$B:$B, DB_Logs!$A:$A, I$1, DB_Logs!$C:$C, $A10), "") -> 0 | K10: =IFERROR(MAXIFS(DB_Logs!$B:$B, DB_Logs!$A:$A, I$1, DB_Logs!$C:$C, $A10), "") -> 0 | L10: =IF(OR(M10="", N10=""), "", (FLOOR(N10, "1:00") - CEILING(M10 - "00:10", "1:00") + (FLOOR(N10, "1:00") < CEILING(M10 - "00:10", "1:00"))) * 24) -> 0 | M10: =IFERROR(MINIFS(DB_Logs!$B:$B, DB_Logs!$A:$A, L$1, DB_Logs!$C:$C, $A10), "") -> 0 | N10: =IFERROR(MAXIFS(DB_Logs!$B:$B, DB_Logs!$A:$A, L$1, DB_Logs!$C:$C, $A10), "") -> 0 | O10: =IF(OR(P10="", Q10=""), "", (FLOOR(Q10, "1:00") - CEILING(P10 - "00:10", "1:00") + (FLOOR(Q10, "1:00") < CEILING(P10 - "00:10", "1:00"))) * 24) -> 0 | P10: =IFERROR(MINIFS(DB_Logs!$B:$B, DB_Logs!$A:$A, O$1, DB_Logs!$C:$C, $A10), "") -> 0 | Q10: =IFERROR(MAXIFS(DB_Logs!$B:$B, DB_Logs!$A:$A, O$1, DB_Logs!$C:$C, $A10), "") -> 0 | R10: =IF(OR(S10="", T10=""), "", (FLOOR(T10, "1:00") - CEILING(S10 - "00:10", "1:00") + (FLOOR(T10, "1:00") < CEILING(S10 - "00:10", "1:00"))) * 24) -> 0 | S10: =IFERROR(MINIFS(DB_Logs!$B:$B, DB_Logs!$A:$A, R$1, DB_Logs!$C:$C, $A10), "") -> 0 | T10: =IFERROR(MAXIFS(DB_Logs!$B:$B, DB_Logs!$A:$A, R$1, DB_Logs!$C:$C, $A10), "") -> 0 | U10: =IF(OR(V10="", W10=""), "", (FLOOR(W10, "1:00") - CEILING(V10 - "00:10", "1:00") + (FLOOR(W10, "1:00") < CEILING(V10 - "00:10", "1:00"))) * 24) -> 0 | V10: =IFERROR(MINIFS(DB_Logs!$B:$B, DB_Logs!$A:$A, U$1, DB_Logs!$C:$C, $A10), "") -> 0 | W10: =IFERROR(MAXIFS(DB_Logs!$B:$B, DB_Logs!$A:$A, U$1, DB_Logs!$C:$C, $A10), "") -> 0 | X10: =IF(OR(Y10="", Z10=""), "", (FLOOR(Z10, "1:00") - CEILING(Y10 - "00:10", "1:00") + (FLOOR(Z10, "1:00") < CEILING(Y10 - "00:10", "1:00"))) * 24) -> 0 | Y10: =IFERROR(MINIFS(DB_Logs!$B:$B, DB_Logs!$A:$A, X$1, DB_Logs!$C:$C, $A10), "") -> 0 | Z10: =IFERROR(MAXIFS(DB_Logs!$B:$B, DB_Logs!$A:$A, X$1, DB_Logs!$C:$C, $A10), "") -> 0 | AA10: =IF(OR(AB10="", AC10=""), "", (FLOOR(AC10, "1:00") - CEILING(AB10 - "00:10", "1:00") + (FLOOR(AC10, "1:00") < CEILING(AB10 - "00:10", "1:00"))) * 24) -> 0 | AB10: =IFERROR(MINIFS(DB_Logs!$B:$B, DB_Logs!$A:$A, AA$1, DB_Logs!$C:$C, $A10), "") -> 0 | AC10: =IFERROR(MAXIFS(DB_Logs!$B:$B, DB_Logs!$A:$A, AA$1, DB_Logs!$C:$C, $A10), "") -> 0 | AD10: =IF(OR(AE10="", AF10=""), "", (FLOOR(AF10, "1:00") - CEILING(AE10 - "00:10", "1:00") + (FLOOR(AF10, "1:00") < CEILING(AE10 - "00:10", "1:00"))) * 24) -> 0 | AE10: =IFERROR(MINIFS(DB_Logs!$B:$B, DB_Logs!$A:$A, AD$1, DB_Logs!$C:$C, $A10), "") -> 0 | AF10: =IFERROR(MAXIFS(DB_Logs!$B:$B, DB_Logs!$A:$A, AD$1, DB_Logs!$C:$C, $A10), "") -> 0 | AG10: =IF(OR(AH10="", AI10=""), "", (FLOOR(AI10, "1:00") - CEILING(AH10 - "00:10", "1:00") + (FLOOR(AI10, "1:00") < CEILING(AH10 - "00:10", "1:00"))) * 24) -> 0 | AH10: =IFERROR(MINIFS(DB_Logs!$B:$B, DB_Logs!$A:$A, AG$1, DB_Logs!$C:$C, $A10), "") -> 0 | AI10: =IFERROR(MAXIFS(DB_Logs!$B:$B, DB_Logs!$A:$A, AG$1, DB_Logs!$C:$C, $A10), "") -> 0 | AJ10: =IF(OR(AK10="", AL10=""), "", (FLOOR(AL10, "1:00") - CEILING(AK10 - "00:10", "1:00") + (FLOOR(AL10, "1:00") < CEILING(AK10 - "00:10", "1:00"))) * 24) -> 0 | AK10: =IFERROR(MINIFS(DB_Logs!$B:$B, DB_Logs!$A:$A, AJ$1, DB_Logs!$C:$C, $A10), "") -> 0 | AL10: =IFERROR(MAXIFS(DB_Logs!$B:$B, DB_Logs!$A:$A, AJ$1, DB_Logs!$C:$C, $A10), "") -> 0 | AM10: =IF(OR(AN10="", AO10=""), "", (FLOOR(AO10, "1:00") - CEILING(AN10 - "00:10", "1:00") + (FLOOR(AO10, "1:00") < CEILING(AN10 - "00:10", "1:00"))) * 24) -> 0 | AN10: =IFERROR(MINIFS(DB_Logs!$B:$B, DB_Logs!$A:$A, AM$1, DB_Logs!$C:$C, $A10), "") -> 0 | AO10: =IFERROR(MAXIFS(DB_Logs!$B:$B, DB_Logs!$A:$A, AM$1, DB_Logs!$C:$C, $A10), "") -> 0 | AP10: =IF(OR(AQ10="", AR10=""), "", (FLOOR(AR10, "1:00") - CEILING(AQ10 - "00:10", "1:00") + (FLOOR(AR10, "1:00") < CEILING(AQ10 - "00:10", "1:00"))) * 24) -> 0 | AQ10: =IFERROR(MINIFS(DB_Logs!$B:$B, DB_Logs!$A:$A, AP$1, DB_Logs!$C:$C, $A10), "") -> 0 | AR10: =IFERROR(MAXIFS(DB_Logs!$B:$B, DB_Logs!$A:$A, AP$1, DB_Logs!$C:$C, $A10), "") -> 0 | AS10: =IF(OR(AT10="", AU10=""), "", (FLOOR(AU10, "1:00") - CEILING(AT10 - "00:10", "1:00") + (FLOOR(AU10, "1:00") < CEILING(AT10 - "00:10", "1:00"))) * 24) -> 0 | AT10: =IFERROR(MINIFS(DB_Logs!$B:$B, DB_Logs!$A:$A, AS$1, DB_Logs!$C:$C, $A10), "") -> 0 | AU10: =IFERROR(MAXIFS(DB_Logs!$B:$B, DB_Logs!$A:$A, AS$1, DB_Logs!$C:$C, $A10), "") -> 0 | AV10: =IF(OR(AW10="", AX10=""), "", (FLOOR(AX10, "1:00") - CEILING(AW10 - "00:10", "1:00") + (FLOOR(AX10, "1:00") < CEILING(AW10 - "00:10", "1:00"))) * 24) -> 0 | AW10: =IFERROR(MINIFS(DB_Logs!$B:$B, DB_Logs!$A:$A, AV$1, DB_Logs!$C:$C, $A10), "") -> 0 | AX10: =IFERROR(MAXIFS(DB_Logs!$B:$B, DB_Logs!$A:$A, AV$1, DB_Logs!$C:$C, $A10), "") -> 0 | AY10: =IF(OR(AZ10="", BA10=""), "", (FLOOR(BA10, "1:00") - CEILING(AZ10 - "00:10", "1:00") + (FLOOR(BA10, "1:00") < CEILING(AZ10 - "00:10", "1:00"))) * 24) -> 0 | AZ10: =IFERROR(MINIFS(DB_Logs!$B:$B, DB_Logs!$A:$A, AY$1, DB_Logs!$C:$C, $A10), "") -> 0 | BA10: =IFERROR(MAXIFS(DB_Logs!$B:$B, DB_Logs!$A:$A, AY$1, DB_Logs!$C:$C, $A10), "") -> 0 | BB10: =IF(OR(BC10="", BD10=""), "", (FLOOR(BD10, "1:00") - CEILING(BC10 - "00:10", "1:00") + (FLOOR(BD10, "1:00") < CEILING(BC10 - "00:10", "1:00"))) * 24) -> 0 | BC10: =IFERROR(MINIFS(DB_Logs!$B:$B, DB_Logs!$A:$A, BB$1, DB_Logs!$C:$C, $A10), "") -> 0 | BD10: =IFERROR(MAXIFS(DB_Logs!$B:$B, DB_Logs!$A:$A, BB$1, DB_Logs!$C:$C, $A10), "") -> 0 | BE10: =IF(OR(BF10="", BG10=""), "", (FLOOR(BG10, "1:00") - CEILING(BF10 - "00:10", "1:00") + (FLOOR(BG10, "1:00") < CEILING(BF10 - "00:10", "1:00"))) * 24) -> 0 | BF10: =IFERROR(MINIFS(DB_Logs!$B:$B, DB_Logs!$A:$A, BE$1, DB_Logs!$C:$C, $A10), "") -> 0 | BG10: =IFERROR(MAXIFS(DB_Logs!$B:$B, DB_Logs!$A:$A, BE$1, DB_Logs!$C:$C, $A10), "") -> 0 | BH10: =IF(OR(BI10="", BJ10=""), "", (FLOOR(BJ10, "1:00") - CEILING(BI10 - "00:10", "1:00") + (FLOOR(BJ10, "1:00") < CEILING(BI10 - "00:10", "1:00"))) * 24) -> 0 | BI10: =IFERROR(MINIFS(DB_Logs!$B:$B, DB_Logs!$A:$A, BH$1, DB_Logs!$C:$C, $A10), "") -> 0 | BJ10: =IFERROR(MAXIFS(DB_Logs!$B:$B, DB_Logs!$A:$A, BH$1, DB_Logs!$C:$C, $A10), "") -> 0 | BK10: =IF(OR(BL10="", BM10=""), "", (FLOOR(BM10, "1:00") - CEILING(BL10 - "00:10", "1:00") + (FLOOR(BM10, "1:00") < CEILING(BL10 - "00:10", "1:00"))) * 24) -> 0 | BL10: =IFERROR(MINIFS(DB_Logs!$B:$B, DB_Logs!$A:$A, BK$1, DB_Logs!$C:$C, $A10), "") -> 0 | BM10: =IFERROR(MAXIFS(DB_Logs!$B:$B, DB_Logs!$A:$A, BK$1, DB_Logs!$C:$C, $A10), "") -> 0 | BN10: =IF(OR(BO10="", BP10=""), "", (FLOOR(BP10, "1:00") - CEILING(BO10 - "00:10", "1:00") + (FLOOR(BP10, "1:00") < CEILING(BO10 - "00:10", "1:00"))) * 24) -> 0 | BO10: =IFERROR(MINIFS(DB_Logs!$B:$B, DB_Logs!$A:$A, BN$1, DB_Logs!$C:$C, $A10), "") -> 0 | BP10: =IFERROR(MAXIFS(DB_Logs!$B:$B, DB_Logs!$A:$A, BN$1, DB_Logs!$C:$C, $A10), "") -> 0 | BQ10: =IF(OR(BR10="", BS10=""), "", (FLOOR(BS10, "1:00") - CEILING(BR10 - "00:10", "1:00") + (FLOOR(BS10, "1:00") < CEILING(BR10 - "00:10", "1:00"))) * 24) -> 0 | BR10: =IFERROR(MINIFS(DB_Logs!$B:$B, DB_Logs!$A:$A, BQ$1, DB_Logs!$C:$C, $A10), "") -> 0 | BS10: =IFERROR(MAXIFS(DB_Logs!$B:$B, DB_Logs!$A:$A, BQ$1, DB_Logs!$C:$C, $A10), "") -> 0 | BT10: =IF(OR(BU10="", BV10=""), "", (FLOOR(BV10, "1:00") - CEILING(BU10 - "00:10", "1:00") + (FLOOR(BV10, "1:00") < CEILING(BU10 - "00:10", "1:00"))) * 24) -> 0 | BU10: =IFERROR(MINIFS(DB_Logs!$B:$B, DB_Logs!$A:$A, BT$1, DB_Logs!$C:$C, $A10), "") -> 0 | BV10: =IFERROR(MAXIFS(DB_Logs!$B:$B, DB_Logs!$A:$A, BT$1, DB_Logs!$C:$C, $A10), "") -> 0 | BW10: =IF(OR(BX10="", BY10=""), "", (FLOOR(BY10, "1:00") - CEILING(BX10 - "00:10", "1:00") + (FLOOR(BY10, "1:00") < CEILING(BX10 - "00:10", "1:00"))) * 24) -> 0 | BX10: =IFERROR(MINIFS(DB_Logs!$B:$B, DB_Logs!$A:$A, BW$1, DB_Logs!$C:$C, $A10), "") -> 0 | BY10: =IFERROR(MAXIFS(DB_Logs!$B:$B, DB_Logs!$A:$A, BW$1, DB_Logs!$C:$C, $A10), "") -> 0 | BZ10: =IF(OR(CA10="", CB10=""), "", (FLOOR(CB10, "1:00") - CEILING(CA10 - "00:10", "1:00") + (FLOOR(CB10, "1:00") < CEILING(CA10 - "00:10", "1:00"))) * 24) -> 0 | CA10: =IFERROR(MINIFS(DB_Logs!$B:$B, DB_Logs!$A:$A, BZ$1, DB_Logs!$C:$C, $A10), "") -> 0 | CB10: =IFERROR(MAXIFS(DB_Logs!$B:$B, DB_Logs!$A:$A, BZ$1, DB_Logs!$C:$C, $A10), "") -> 0 | CC10: =IF(OR(CD10="", CE10=""), "", (FLOOR(CE10, "1:00") - CEILING(CD10 - "00:10", "1:00") + (FLOOR(CE10, "1:00") < CEILING(CD10 - "00:10", "1:00"))) * 24) -> 0 | CD10: =IFERROR(MINIFS(DB_Logs!$B:$B, DB_Logs!$A:$A, CC$1, DB_Logs!$C:$C, $A10), "") -> 0 | CE10: =IFERROR(MAXIFS(DB_Logs!$B:$B, DB_Logs!$A:$A, CC$1, DB_Logs!$C:$C, $A10), "") -> 0 | CF10: =IF(OR(CG10="", CH10=""), "", (FLOOR(CH10, "1:00") - CEILING(CG10 - "00:10", "1:00") + (FLOOR(CH10, "1:00") < CEILING(CG10 - "00:10", "1:00"))) * 24) -> 0 | CG10: =IFERROR(MINIFS(DB_Logs!$B:$B, DB_Logs!$A:$A, CF$1, DB_Logs!$C:$C, $A10), "") -> 0 | CH10: =IFERROR(MAXIFS(DB_Logs!$B:$B, DB_Logs!$A:$A, CF$1, DB_Logs!$C:$C, $A10), "") -> 0 | CI10: =IF(OR(CJ10="", CK10=""), "", (FLOOR(CK10, "1:00") - CEILING(CJ10 - "00:10", "1:00") + (FLOOR(CK10, "1:00") < CEILING(CJ10 - "00:10", "1:00"))) * 24) -> 0 | CJ10: =IFERROR(MINIFS(DB_Logs!$B:$B, DB_Logs!$A:$A, CI$1, DB_Logs!$C:$C, $A10), "") -> 0 | CK10: =IFERROR(MAXIFS(DB_Logs!$B:$B, DB_Logs!$A:$A, CI$1, DB_Logs!$C:$C, $A10), "") -> 0 | CL10: =IF(OR(CM10="", CN10=""), "", (FLOOR(CN10, "1:00") - CEILING(CM10 - "00:10", "1:00") + (FLOOR(CN10, "1:00") < CEILING(CM10 - "00:10", "1:00"))) * 24) -> 0 | CM10: =IFERROR(MINIFS(DB_Logs!$B:$B, DB_Logs!$A:$A, CL$1, DB_Logs!$C:$C, $A10), "") -> 0 | CN10: =IFERROR(MAXIFS(DB_Logs!$B:$B, DB_Logs!$A:$A, CL$1, DB_Logs!$C:$C, $A10), "") -> 0 | CO10: =IF(OR(CP10="", CQ10=""), "", (FLOOR(CQ10, "1:00") - CEILING(CP10 - "00:10", "1:00") + (FLOOR(CQ10, "1:00") < CEILING(CP10 - "00:10", "1:00"))) * 24) -> 0 | CP10: =IFERROR(MINIFS(DB_Logs!$B:$B, DB_Logs!$A:$A, CO$1, DB_Logs!$C:$C, $A10), "") -> 0 | CQ10: =IFERROR(MAXIFS(DB_Logs!$B:$B, DB_Logs!$A:$A, CO$1, DB_Logs!$C:$C, $A10), "") -> 0
A11: Сотрудник 9 | B11: =SUMIF($2:$2, "Часы", 11:11) -> 0 | C11: =IF(OR(D11="", E11=""), "", (FLOOR(E11, "1:00") - CEILING(D11 - "00:10", "1:00") + (FLOOR(E11, "1:00") < CEILING(D11 - "00:10", "1:00"))) * 24) -> 0 | D11: =IFERROR(MINIFS(DB_Logs!$B:$B, DB_Logs!$A:$A, C$1, DB_Logs!$C:$C, $A11), "") -> 0 | E11: =IFERROR(MAXIFS(DB_Logs!$B:$B, DB_Logs!$A:$A, C$1, DB_Logs!$C:$C, $A11), "") -> 0 | F11: =IF(OR(G11="", H11=""), "", (FLOOR(H11, "1:00") - CEILING(G11 - "00:10", "1:00") + (FLOOR(H11, "1:00") < CEILING(G11 - "00:10", "1:00"))) * 24) -> 0 | G11: =IFERROR(MINIFS(DB_Logs!$B:$B, DB_Logs!$A:$A, F$1, DB_Logs!$C:$C, $A11), "") -> 0 | H11: =IFERROR(MAXIFS(DB_Logs!$B:$B, DB_Logs!$A:$A, F$1, DB_Logs!$C:$C, $A11), "") -> 0 | I11: =IF(OR(J11="", K11=""), "", (FLOOR(K11, "1:00") - CEILING(J11 - "00:10", "1:00") + (FLOOR(K11, "1:00") < CEILING(J11 - "00:10", "1:00"))) * 24) -> 0 | J11: =IFERROR(MINIFS(DB_Logs!$B:$B, DB_Logs!$A:$A, I$1, DB_Logs!$C:$C, $A11), "") -> 0 | K11: =IFERROR(MAXIFS(DB_Logs!$B:$B, DB_Logs!$A:$A, I$1, DB_Logs!$C:$C, $A11), "") -> 0 | L11: =IF(OR(M11="", N11=""), "", (FLOOR(N11, "1:00") - CEILING(M11 - "00:10", "1:00") + (FLOOR(N11, "1:00") < CEILING(M11 - "00:10", "1:00"))) * 24) -> 0 | M11: =IFERROR(MINIFS(DB_Logs!$B:$B, DB_Logs!$A:$A, L$1, DB_Logs!$C:$C, $A11), "") -> 0 | N11: =IFERROR(MAXIFS(DB_Logs!$B:$B, DB_Logs!$A:$A, L$1, DB_Logs!$C:$C, $A11), "") -> 0 | O11: =IF(OR(P11="", Q11=""), "", (FLOOR(Q11, "1:00") - CEILING(P11 - "00:10", "1:00") + (FLOOR(Q11, "1:00") < CEILING(P11 - "00:10", "1:00"))) * 24) -> 0 | P11: =IFERROR(MINIFS(DB_Logs!$B:$B, DB_Logs!$A:$A, O$1, DB_Logs!$C:$C, $A11), "") -> 0 | Q11: =IFERROR(MAXIFS(DB_Logs!$B:$B, DB_Logs!$A:$A, O$1, DB_Logs!$C:$C, $A11), "") -> 0 | R11: =IF(OR(S11="", T11=""), "", (FLOOR(T11, "1:00") - CEILING(S11 - "00:10", "1:00") + (FLOOR(T11, "1:00") < CEILING(S11 - "00:10", "1:00"))) * 24) -> 0 | S11: =IFERROR(MINIFS(DB_Logs!$B:$B, DB_Logs!$A:$A, R$1, DB_Logs!$C:$C, $A11), "") -> 0 | T11: =IFERROR(MAXIFS(DB_Logs!$B:$B, DB_Logs!$A:$A, R$1, DB_Logs!$C:$C, $A11), "") -> 0 | U11: =IF(OR(V11="", W11=""), "", (FLOOR(W11, "1:00") - CEILING(V11 - "00:10", "1:00") + (FLOOR(W11, "1:00") < CEILING(V11 - "00:10", "1:00"))) * 24) -> 0 | V11: =IFERROR(MINIFS(DB_Logs!$B:$B, DB_Logs!$A:$A, U$1, DB_Logs!$C:$C, $A11), "") -> 0 | W11: =IFERROR(MAXIFS(DB_Logs!$B:$B, DB_Logs!$A:$A, U$1, DB_Logs!$C:$C, $A11), "") -> 0 | X11: =IF(OR(Y11="", Z11=""), "", (FLOOR(Z11, "1:00") - CEILING(Y11 - "00:10", "1:00") + (FLOOR(Z11, "1:00") < CEILING(Y11 - "00:10", "1:00"))) * 24) -> 0 | Y11: =IFERROR(MINIFS(DB_Logs!$B:$B, DB_Logs!$A:$A, X$1, DB_Logs!$C:$C, $A11), "") -> 0 | Z11: =IFERROR(MAXIFS(DB_Logs!$B:$B, DB_Logs!$A:$A, X$1, DB_Logs!$C:$C, $A11), "") -> 0 | AA11: =IF(OR(AB11="", AC11=""), "", (FLOOR(AC11, "1:00") - CEILING(AB11 - "00:10", "1:00") + (FLOOR(AC11, "1:00") < CEILING(AB11 - "00:10", "1:00"))) * 24) -> 0 | AB11: =IFERROR(MINIFS(DB_Logs!$B:$B, DB_Logs!$A:$A, AA$1, DB_Logs!$C:$C, $A11), "") -> 0 | AC11: =IFERROR(MAXIFS(DB_Logs!$B:$B, DB_Logs!$A:$A, AA$1, DB_Logs!$C:$C, $A11), "") -> 0 | AD11: =IF(OR(AE11="", AF11=""), "", (FLOOR(AF11, "1:00") - CEILING(AE11 - "00:10", "1:00") + (FLOOR(AF11, "1:00") < CEILING(AE11 - "00:10", "1:00"))) * 24) -> 0 | AE11: =IFERROR(MINIFS(DB_Logs!$B:$B, DB_Logs!$A:$A, AD$1, DB_Logs!$C:$C, $A11), "") -> 0 | AF11: =IFERROR(MAXIFS(DB_Logs!$B:$B, DB_Logs!$A:$A, AD$1, DB_Logs!$C:$C, $A11), "") -> 0 | AG11: =IF(OR(AH11="", AI11=""), "", (FLOOR(AI11, "1:00") - CEILING(AH11 - "00:10", "1:00") + (FLOOR(AI11, "1:00") < CEILING(AH11 - "00:10", "1:00"))) * 24) -> 0 | AH11: =IFERROR(MINIFS(DB_Logs!$B:$B, DB_Logs!$A:$A, AG$1, DB_Logs!$C:$C, $A11), "") -> 0 | AI11: =IFERROR(MAXIFS(DB_Logs!$B:$B, DB_Logs!$A:$A, AG$1, DB_Logs!$C:$C, $A11), "") -> 0 | AJ11: =IF(OR(AK11="", AL11=""), "", (FLOOR(AL11, "1:00") - CEILING(AK11 - "00:10", "1:00") + (FLOOR(AL11, "1:00") < CEILING(AK11 - "00:10", "1:00"))) * 24) -> 0 | AK11: =IFERROR(MINIFS(DB_Logs!$B:$B, DB_Logs!$A:$A, AJ$1, DB_Logs!$C:$C, $A11), "") -> 0 | AL11: =IFERROR(MAXIFS(DB_Logs!$B:$B, DB_Logs!$A:$A, AJ$1, DB_Logs!$C:$C, $A11), "") -> 0 | AM11: =IF(OR(AN11="", AO11=""), "", (FLOOR(AO11, "1:00") - CEILING(AN11 - "00:10", "1:00") + (FLOOR(AO11, "1:00") < CEILING(AN11 - "00:10", "1:00"))) * 24) -> 0 | AN11: =IFERROR(MINIFS(DB_Logs!$B:$B, DB_Logs!$A:$A, AM$1, DB_Logs!$C:$C, $A11), "") -> 0 | AO11: =IFERROR(MAXIFS(DB_Logs!$B:$B, DB_Logs!$A:$A, AM$1, DB_Logs!$C:$C, $A11), "") -> 0 | AP11: =IF(OR(AQ11="", AR11=""), "", (FLOOR(AR11, "1:00") - CEILING(AQ11 - "00:10", "1:00") + (FLOOR(AR11, "1:00") < CEILING(AQ11 - "00:10", "1:00"))) * 24) -> 0 | AQ11: =IFERROR(MINIFS(DB_Logs!$B:$B, DB_Logs!$A:$A, AP$1, DB_Logs!$C:$C, $A11), "") -> 0 | AR11: =IFERROR(MAXIFS(DB_Logs!$B:$B, DB_Logs!$A:$A, AP$1, DB_Logs!$C:$C, $A11), "") -> 0 | AS11: =IF(OR(AT11="", AU11=""), "", (FLOOR(AU11, "1:00") - CEILING(AT11 - "00:10", "1:00") + (FLOOR(AU11, "1:00") < CEILING(AT11 - "00:10", "1:00"))) * 24) -> 0 | AT11: =IFERROR(MINIFS(DB_Logs!$B:$B, DB_Logs!$A:$A, AS$1, DB_Logs!$C:$C, $A11), "") -> 0 | AU11: =IFERROR(MAXIFS(DB_Logs!$B:$B, DB_Logs!$A:$A, AS$1, DB_Logs!$C:$C, $A11), "") -> 0 | AV11: =IF(OR(AW11="", AX11=""), "", (FLOOR(AX11, "1:00") - CEILING(AW11 - "00:10", "1:00") + (FLOOR(AX11, "1:00") < CEILING(AW11 - "00:10", "1:00"))) * 24) -> 0 | AW11: =IFERROR(MINIFS(DB_Logs!$B:$B, DB_Logs!$A:$A, AV$1, DB_Logs!$C:$C, $A11), "") -> 0 | AX11: =IFERROR(MAXIFS(DB_Logs!$B:$B, DB_Logs!$A:$A, AV$1, DB_Logs!$C:$C, $A11), "") -> 0 | AY11: =IF(OR(AZ11="", BA11=""), "", (FLOOR(BA11, "1:00") - CEILING(AZ11 - "00:10", "1:00") + (FLOOR(BA11, "1:00") < CEILING(AZ11 - "00:10", "1:00"))) * 24) -> 0 | AZ11: =IFERROR(MINIFS(DB_Logs!$B:$B, DB_Logs!$A:$A, AY$1, DB_Logs!$C:$C, $A11), "") -> 0 | BA11: =IFERROR(MAXIFS(DB_Logs!$B:$B, DB_Logs!$A:$A, AY$1, DB_Logs!$C:$C, $A11), "") -> 0 | BB11: =IF(OR(BC11="", BD11=""), "", (FLOOR(BD11, "1:00") - CEILING(BC11 - "00:10", "1:00") + (FLOOR(BD11, "1:00") < CEILING(BC11 - "00:10", "1:00"))) * 24) -> 0 | BC11: =IFERROR(MINIFS(DB_Logs!$B:$B, DB_Logs!$A:$A, BB$1, DB_Logs!$C:$C, $A11), "") -> 0 | BD11: =IFERROR(MAXIFS(DB_Logs!$B:$B, DB_Logs!$A:$A, BB$1, DB_Logs!$C:$C, $A11), "") -> 0 | BE11: =IF(OR(BF11="", BG11=""), "", (FLOOR(BG11, "1:00") - CEILING(BF11 - "00:10", "1:00") + (FLOOR(BG11, "1:00") < CEILING(BF11 - "00:10", "1:00"))) * 24) -> 0 | BF11: =IFERROR(MINIFS(DB_Logs!$B:$B, DB_Logs!$A:$A, BE$1, DB_Logs!$C:$C, $A11), "") -> 0 | BG11: =IFERROR(MAXIFS(DB_Logs!$B:$B, DB_Logs!$A:$A, BE$1, DB_Logs!$C:$C, $A11), "") -> 0 | BH11: =IF(OR(BI11="", BJ11=""), "", (FLOOR(BJ11, "1:00") - CEILING(BI11 - "00:10", "1:00") + (FLOOR(BJ11, "1:00") < CEILING(BI11 - "00:10", "1:00"))) * 24) -> 0 | BI11: =IFERROR(MINIFS(DB_Logs!$B:$B, DB_Logs!$A:$A, BH$1, DB_Logs!$C:$C, $A11), "") -> 0 | BJ11: =IFERROR(MAXIFS(DB_Logs!$B:$B, DB_Logs!$A:$A, BH$1, DB_Logs!$C:$C, $A11), "") -> 0 | BK11: =IF(OR(BL11="", BM11=""), "", (FLOOR(BM11, "1:00") - CEILING(BL11 - "00:10", "1:00") + (FLOOR(BM11, "1:00") < CEILING(BL11 - "00:10", "1:00"))) * 24) -> 0 | BL11: =IFERROR(MINIFS(DB_Logs!$B:$B, DB_Logs!$A:$A, BK$1, DB_Logs!$C:$C, $A11), "") -> 0 | BM11: =IFERROR(MAXIFS(DB_Logs!$B:$B, DB_Logs!$A:$A, BK$1, DB_Logs!$C:$C, $A11), "") -> 0 | BN11: =IF(OR(BO11="", BP11=""), "", (FLOOR(BP11, "1:00") - CEILING(BO11 - "00:10", "1:00") + (FLOOR(BP11, "1:00") < CEILING(BO11 - "00:10", "1:00"))) * 24) -> 0 | BO11: =IFERROR(MINIFS(DB_Logs!$B:$B, DB_Logs!$A:$A, BN$1, DB_Logs!$C:$C, $A11), "") -> 0 | BP11: =IFERROR(MAXIFS(DB_Logs!$B:$B, DB_Logs!$A:$A, BN$1, DB_Logs!$C:$C, $A11), "") -> 0 | BQ11: =IF(OR(BR11="", BS11=""), "", (FLOOR(BS11, "1:00") - CEILING(BR11 - "00:10", "1:00") + (FLOOR(BS11, "1:00") < CEILING(BR11 - "00:10", "1:00"))) * 24) -> 0 | BR11: =IFERROR(MINIFS(DB_Logs!$B:$B, DB_Logs!$A:$A, BQ$1, DB_Logs!$C:$C, $A11), "") -> 0 | BS11: =IFERROR(MAXIFS(DB_Logs!$B:$B, DB_Logs!$A:$A, BQ$1, DB_Logs!$C:$C, $A11), "") -> 0 | BT11: =IF(OR(BU11="", BV11=""), "", (FLOOR(BV11, "1:00") - CEILING(BU11 - "00:10", "1:00") + (FLOOR(BV11, "1:00") < CEILING(BU11 - "00:10", "1:00"))) * 24) -> 0 | BU11: =IFERROR(MINIFS(DB_Logs!$B:$B, DB_Logs!$A:$A, BT$1, DB_Logs!$C:$C, $A11), "") -> 0 | BV11: =IFERROR(MAXIFS(DB_Logs!$B:$B, DB_Logs!$A:$A, BT$1, DB_Logs!$C:$C, $A11), "") -> 0 | BW11: =IF(OR(BX11="", BY11=""), "", (FLOOR(BY11, "1:00") - CEILING(BX11 - "00:10", "1:00") + (FLOOR(BY11, "1:00") < CEILING(BX11 - "00:10", "1:00"))) * 24) -> 0 | BX11: =IFERROR(MINIFS(DB_Logs!$B:$B, DB_Logs!$A:$A, BW$1, DB_Logs!$C:$C, $A11), "") -> 0 | BY11: =IFERROR(MAXIFS(DB_Logs!$B:$B, DB_Logs!$A:$A, BW$1, DB_Logs!$C:$C, $A11), "") -> 0 | BZ11: =IF(OR(CA11="", CB11=""), "", (FLOOR(CB11, "1:00") - CEILING(CA11 - "00:10", "1:00") + (FLOOR(CB11, "1:00") < CEILING(CA11 - "00:10", "1:00"))) * 24) -> 0 | CA11: =IFERROR(MINIFS(DB_Logs!$B:$B, DB_Logs!$A:$A, BZ$1, DB_Logs!$C:$C, $A11), "") -> 0 | CB11: =IFERROR(MAXIFS(DB_Logs!$B:$B, DB_Logs!$A:$A, BZ$1, DB_Logs!$C:$C, $A11), "") -> 0 | CC11: =IF(OR(CD11="", CE11=""), "", (FLOOR(CE11, "1:00") - CEILING(CD11 - "00:10", "1:00") + (FLOOR(CE11, "1:00") < CEILING(CD11 - "00:10", "1:00"))) * 24) -> 0 | CD11: =IFERROR(MINIFS(DB_Logs!$B:$B, DB_Logs!$A:$A, CC$1, DB_Logs!$C:$C, $A11), "") -> 0 | CE11: =IFERROR(MAXIFS(DB_Logs!$B:$B, DB_Logs!$A:$A, CC$1, DB_Logs!$C:$C, $A11), "") -> 0 | CF11: =IF(OR(CG11="", CH11=""), "", (FLOOR(CH11, "1:00") - CEILING(CG11 - "00:10", "1:00") + (FLOOR(CH11, "1:00") < CEILING(CG11 - "00:10", "1:00"))) * 24) -> 0 | CG11: =IFERROR(MINIFS(DB_Logs!$B:$B, DB_Logs!$A:$A, CF$1, DB_Logs!$C:$C, $A11), "") -> 0 | CH11: =IFERROR(MAXIFS(DB_Logs!$B:$B, DB_Logs!$A:$A, CF$1, DB_Logs!$C:$C, $A11), "") -> 0 | CI11: =IF(OR(CJ11="", CK11=""), "", (FLOOR(CK11, "1:00") - CEILING(CJ11 - "00:10", "1:00") + (FLOOR(CK11, "1:00") < CEILING(CJ11 - "00:10", "1:00"))) * 24) -> 0 | CJ11: =IFERROR(MINIFS(DB_Logs!$B:$B, DB_Logs!$A:$A, CI$1, DB_Logs!$C:$C, $A11), "") -> 0 | CK11: =IFERROR(MAXIFS(DB_Logs!$B:$B, DB_Logs!$A:$A, CI$1, DB_Logs!$C:$C, $A11), "") -> 0 | CL11: =IF(OR(CM11="", CN11=""), "", (FLOOR(CN11, "1:00") - CEILING(CM11 - "00:10", "1:00") + (FLOOR(CN11, "1:00") < CEILING(CM11 - "00:10", "1:00"))) * 24) -> 0 | CM11: =IFERROR(MINIFS(DB_Logs!$B:$B, DB_Logs!$A:$A, CL$1, DB_Logs!$C:$C, $A11), "") -> 0 | CN11: =IFERROR(MAXIFS(DB_Logs!$B:$B, DB_Logs!$A:$A, CL$1, DB_Logs!$C:$C, $A11), "") -> 0 | CO11: =IF(OR(CP11="", CQ11=""), "", (FLOOR(CQ11, "1:00") - CEILING(CP11 - "00:10", "1:00") + (FLOOR(CQ11, "1:00") < CEILING(CP11 - "00:10", "1:00"))) * 24) -> 0 | CP11: =IFERROR(MINIFS(DB_Logs!$B:$B, DB_Logs!$A:$A, CO$1, DB_Logs!$C:$C, $A11), "") -> 0 | CQ11: =IFERROR(MAXIFS(DB_Logs!$B:$B, DB_Logs!$A:$A, CO$1, DB_Logs!$C:$C, $A11), "") -> 0
A12: Сотрудник 10 | B12: =SUMIF($2:$2, "Часы", 12:12) -> 0 | C12: =IF(OR(D12="", E12=""), "", (FLOOR(E12, "1:00") - CEILING(D12 - "00:10", "1:00") + (FLOOR(E12, "1:00") < CEILING(D12 - "00:10", "1:00"))) * 24) -> 0 | D12: =IFERROR(MINIFS(DB_Logs!$B:$B, DB_Logs!$A:$A, C$1, DB_Logs!$C:$C, $A12), "") -> 0 | E12: =IFERROR(MAXIFS(DB_Logs!$B:$B, DB_Logs!$A:$A, C$1, DB_Logs!$C:$C, $A12), "") -> 0 | F12: =IF(OR(G12="", H12=""), "", (FLOOR(H12, "1:00") - CEILING(G12 - "00:10", "1:00") + (FLOOR(H12, "1:00") < CEILING(G12 - "00:10", "1:00"))) * 24) -> 0 | G12: =IFERROR(MINIFS(DB_Logs!$B:$B, DB_Logs!$A:$A, F$1, DB_Logs!$C:$C, $A12), "") -> 0 | H12: =IFERROR(MAXIFS(DB_Logs!$B:$B, DB_Logs!$A:$A, F$1, DB_Logs!$C:$C, $A12), "") -> 0 | I12: =IF(OR(J12="", K12=""), "", (FLOOR(K12, "1:00") - CEILING(J12 - "00:10", "1:00") + (FLOOR(K12, "1:00") < CEILING(J12 - "00:10", "1:00"))) * 24) -> 0 | J12: =IFERROR(MINIFS(DB_Logs!$B:$B, DB_Logs!$A:$A, I$1, DB_Logs!$C:$C, $A12), "") -> 0 | K12: =IFERROR(MAXIFS(DB_Logs!$B:$B, DB_Logs!$A:$A, I$1, DB_Logs!$C:$C, $A12), "") -> 0 | L12: =IF(OR(M12="", N12=""), "", (FLOOR(N12, "1:00") - CEILING(M12 - "00:10", "1:00") + (FLOOR(N12, "1:00") < CEILING(M12 - "00:10", "1:00"))) * 24) -> 0 | M12: =IFERROR(MINIFS(DB_Logs!$B:$B, DB_Logs!$A:$A, L$1, DB_Logs!$C:$C, $A12), "") -> 0 | N12: =IFERROR(MAXIFS(DB_Logs!$B:$B, DB_Logs!$A:$A, L$1, DB_Logs!$C:$C, $A12), "") -> 0 | O12: =IF(OR(P12="", Q12=""), "", (FLOOR(Q12, "1:00") - CEILING(P12 - "00:10", "1:00") + (FLOOR(Q12, "1:00") < CEILING(P12 - "00:10", "1:00"))) * 24) -> 0 | P12: =IFERROR(MINIFS(DB_Logs!$B:$B, DB_Logs!$A:$A, O$1, DB_Logs!$C:$C, $A12), "") -> 0 | Q12: =IFERROR(MAXIFS(DB_Logs!$B:$B, DB_Logs!$A:$A, O$1, DB_Logs!$C:$C, $A12), "") -> 0 | R12: =IF(OR(S12="", T12=""), "", (FLOOR(T12, "1:00") - CEILING(S12 - "00:10", "1:00") + (FLOOR(T12, "1:00") < CEILING(S12 - "00:10", "1:00"))) * 24) -> 0 | S12: =IFERROR(MINIFS(DB_Logs!$B:$B, DB_Logs!$A:$A, R$1, DB_Logs!$C:$C, $A12), "") -> 0 | T12: =IFERROR(MAXIFS(DB_Logs!$B:$B, DB_Logs!$A:$A, R$1, DB_Logs!$C:$C, $A12), "") -> 0 | U12: =IF(OR(V12="", W12=""), "", (FLOOR(W12, "1:00") - CEILING(V12 - "00:10", "1:00") + (FLOOR(W12, "1:00") < CEILING(V12 - "00:10", "1:00"))) * 24) -> 0 | V12: =IFERROR(MINIFS(DB_Logs!$B:$B, DB_Logs!$A:$A, U$1, DB_Logs!$C:$C, $A12), "") -> 0 | W12: =IFERROR(MAXIFS(DB_Logs!$B:$B, DB_Logs!$A:$A, U$1, DB_Logs!$C:$C, $A12), "") -> 0 | X12: =IF(OR(Y12="", Z12=""), "", (FLOOR(Z12, "1:00") - CEILING(Y12 - "00:10", "1:00") + (FLOOR(Z12, "1:00") < CEILING(Y12 - "00:10", "1:00"))) * 24) -> 0 | Y12: =IFERROR(MINIFS(DB_Logs!$B:$B, DB_Logs!$A:$A, X$1, DB_Logs!$C:$C, $A12), "") -> 0 | Z12: =IFERROR(MAXIFS(DB_Logs!$B:$B, DB_Logs!$A:$A, X$1, DB_Logs!$C:$C, $A12), "") -> 0 | AA12: =IF(OR(AB12="", AC12=""), "", (FLOOR(AC12, "1:00") - CEILING(AB12 - "00:10", "1:00") + (FLOOR(AC12, "1:00") < CEILING(AB12 - "00:10", "1:00"))) * 24) -> 0 | AB12: =IFERROR(MINIFS(DB_Logs!$B:$B, DB_Logs!$A:$A, AA$1, DB_Logs!$C:$C, $A12), "") -> 0 | AC12: =IFERROR(MAXIFS(DB_Logs!$B:$B, DB_Logs!$A:$A, AA$1, DB_Logs!$C:$C, $A12), "") -> 0 | AD12: =IF(OR(AE12="", AF12=""), "", (FLOOR(AF12, "1:00") - CEILING(AE12 - "00:10", "1:00") + (FLOOR(AF12, "1:00") < CEILING(AE12 - "00:10", "1:00"))) * 24) -> 0 | AE12: =IFERROR(MINIFS(DB_Logs!$B:$B, DB_Logs!$A:$A, AD$1, DB_Logs!$C:$C, $A12), "") -> 0 | AF12: =IFERROR(MAXIFS(DB_Logs!$B:$B, DB_Logs!$A:$A, AD$1, DB_Logs!$C:$C, $A12), "") -> 0 | AG12: =IF(OR(AH12="", AI12=""), "", (FLOOR(AI12, "1:00") - CEILING(AH12 - "00:10", "1:00") + (FLOOR(AI12, "1:00") < CEILING(AH12 - "00:10", "1:00"))) * 24) -> 0 | AH12: =IFERROR(MINIFS(DB_Logs!$B:$B, DB_Logs!$A:$A, AG$1, DB_Logs!$C:$C, $A12), "") -> 0 | AI12: =IFERROR(MAXIFS(DB_Logs!$B:$B, DB_Logs!$A:$A, AG$1, DB_Logs!$C:$C, $A12), "") -> 0 | AJ12: =IF(OR(AK12="", AL12=""), "", (FLOOR(AL12, "1:00") - CEILING(AK12 - "00:10", "1:00") + (FLOOR(AL12, "1:00") < CEILING(AK12 - "00:10", "1:00"))) * 24) -> 0 | AK12: =IFERROR(MINIFS(DB_Logs!$B:$B, DB_Logs!$A:$A, AJ$1, DB_Logs!$C:$C, $A12), "") -> 0 | AL12: =IFERROR(MAXIFS(DB_Logs!$B:$B, DB_Logs!$A:$A, AJ$1, DB_Logs!$C:$C, $A12), "") -> 0 | AM12: =IF(OR(AN12="", AO12=""), "", (FLOOR(AO12, "1:00") - CEILING(AN12 - "00:10", "1:00") + (FLOOR(AO12, "1:00") < CEILING(AN12 - "00:10", "1:00"))) * 24) -> 0 | AN12: =IFERROR(MINIFS(DB_Logs!$B:$B, DB_Logs!$A:$A, AM$1, DB_Logs!$C:$C, $A12), "") -> 0 | AO12: =IFERROR(MAXIFS(DB_Logs!$B:$B, DB_Logs!$A:$A, AM$1, DB_Logs!$C:$C, $A12), "") -> 0 | AP12: =IF(OR(AQ12="", AR12=""), "", (FLOOR(AR12, "1:00") - CEILING(AQ12 - "00:10", "1:00") + (FLOOR(AR12, "1:00") < CEILING(AQ12 - "00:10", "1:00"))) * 24) -> 0 | AQ12: =IFERROR(MINIFS(DB_Logs!$B:$B, DB_Logs!$A:$A, AP$1, DB_Logs!$C:$C, $A12), "") -> 0 | AR12: =IFERROR(MAXIFS(DB_Logs!$B:$B, DB_Logs!$A:$A, AP$1, DB_Logs!$C:$C, $A12), "") -> 0 | AS12: =IF(OR(AT12="", AU12=""), "", (FLOOR(AU12, "1:00") - CEILING(AT12 - "00:10", "1:00") + (FLOOR(AU12, "1:00") < CEILING(AT12 - "00:10", "1:00"))) * 24) -> 0 | AT12: =IFERROR(MINIFS(DB_Logs!$B:$B, DB_Logs!$A:$A, AS$1, DB_Logs!$C:$C, $A12), "") -> 0 | AU12: =IFERROR(MAXIFS(DB_Logs!$B:$B, DB_Logs!$A:$A, AS$1, DB_Logs!$C:$C, $A12), "") -> 0 | AV12: =IF(OR(AW12="", AX12=""), "", (FLOOR(AX12, "1:00") - CEILING(AW12 - "00:10", "1:00") + (FLOOR(AX12, "1:00") < CEILING(AW12 - "00:10", "1:00"))) * 24) -> 0 | AW12: =IFERROR(MINIFS(DB_Logs!$B:$B, DB_Logs!$A:$A, AV$1, DB_Logs!$C:$C, $A12), "") -> 0 | AX12: =IFERROR(MAXIFS(DB_Logs!$B:$B, DB_Logs!$A:$A, AV$1, DB_Logs!$C:$C, $A12), "") -> 0 | AY12: =IF(OR(AZ12="", BA12=""), "", (FLOOR(BA12, "1:00") - CEILING(AZ12 - "00:10", "1:00") + (FLOOR(BA12, "1:00") < CEILING(AZ12 - "00:10", "1:00"))) * 24) -> 0 | AZ12: =IFERROR(MINIFS(DB_Logs!$B:$B, DB_Logs!$A:$A, AY$1, DB_Logs!$C:$C, $A12), "") -> 0 | BA12: =IFERROR(MAXIFS(DB_Logs!$B:$B, DB_Logs!$A:$A, AY$1, DB_Logs!$C:$C, $A12), "") -> 0 | BB12: =IF(OR(BC12="", BD12=""), "", (FLOOR(BD12, "1:00") - CEILING(BC12 - "00:10", "1:00") + (FLOOR(BD12, "1:00") < CEILING(BC12 - "00:10", "1:00"))) * 24) -> 0 | BC12: =IFERROR(MINIFS(DB_Logs!$B:$B, DB_Logs!$A:$A, BB$1, DB_Logs!$C:$C, $A12), "") -> 0 | BD12: =IFERROR(MAXIFS(DB_Logs!$B:$B, DB_Logs!$A:$A, BB$1, DB_Logs!$C:$C, $A12), "") -> 0 | BE12: =IF(OR(BF12="", BG12=""), "", (FLOOR(BG12, "1:00") - CEILING(BF12 - "00:10", "1:00") + (FLOOR(BG12, "1:00") < CEILING(BF12 - "00:10", "1:00"))) * 24) -> 0 | BF12: =IFERROR(MINIFS(DB_Logs!$B:$B, DB_Logs!$A:$A, BE$1, DB_Logs!$C:$C, $A12), "") -> 0 | BG12: =IFERROR(MAXIFS(DB_Logs!$B:$B, DB_Logs!$A:$A, BE$1, DB_Logs!$C:$C, $A12), "") -> 0 | BH12: =IF(OR(BI12="", BJ12=""), "", (FLOOR(BJ12, "1:00") - CEILING(BI12 - "00:10", "1:00") + (FLOOR(BJ12, "1:00") < CEILING(BI12 - "00:10", "1:00"))) * 24) -> 0 | BI12: =IFERROR(MINIFS(DB_Logs!$B:$B, DB_Logs!$A:$A, BH$1, DB_Logs!$C:$C, $A12), "") -> 0 | BJ12: =IFERROR(MAXIFS(DB_Logs!$B:$B, DB_Logs!$A:$A, BH$1, DB_Logs!$C:$C, $A12), "") -> 0 | BK12: =IF(OR(BL12="", BM12=""), "", (FLOOR(BM12, "1:00") - CEILING(BL12 - "00:10", "1:00") + (FLOOR(BM12, "1:00") < CEILING(BL12 - "00:10", "1:00"))) * 24) -> 0 | BL12: =IFERROR(MINIFS(DB_Logs!$B:$B, DB_Logs!$A:$A, BK$1, DB_Logs!$C:$C, $A12), "") -> 0 | BM12: =IFERROR(MAXIFS(DB_Logs!$B:$B, DB_Logs!$A:$A, BK$1, DB_Logs!$C:$C, $A12), "") -> 0 | BN12: =IF(OR(BO12="", BP12=""), "", (FLOOR(BP12, "1:00") - CEILING(BO12 - "00:10", "1:00") + (FLOOR(BP12, "1:00") < CEILING(BO12 - "00:10", "1:00"))) * 24) -> 0 | BO12: =IFERROR(MINIFS(DB_Logs!$B:$B, DB_Logs!$A:$A, BN$1, DB_Logs!$C:$C, $A12), "") -> 0 | BP12: =IFERROR(MAXIFS(DB_Logs!$B:$B, DB_Logs!$A:$A, BN$1, DB_Logs!$C:$C, $A12), "") -> 0 | BQ12: =IF(OR(BR12="", BS12=""), "", (FLOOR(BS12, "1:00") - CEILING(BR12 - "00:10", "1:00") + (FLOOR(BS12, "1:00") < CEILING(BR12 - "00:10", "1:00"))) * 24) -> 0 | BR12: =IFERROR(MINIFS(DB_Logs!$B:$B, DB_Logs!$A:$A, BQ$1, DB_Logs!$C:$C, $A12), "") -> 0 | BS12: =IFERROR(MAXIFS(DB_Logs!$B:$B, DB_Logs!$A:$A, BQ$1, DB_Logs!$C:$C, $A12), "") -> 0 | BT12: =IF(OR(BU12="", BV12=""), "", (FLOOR(BV12, "1:00") - CEILING(BU12 - "00:10", "1:00") + (FLOOR(BV12, "1:00") < CEILING(BU12 - "00:10", "1:00"))) * 24) -> 0 | BU12: =IFERROR(MINIFS(DB_Logs!$B:$B, DB_Logs!$A:$A, BT$1, DB_Logs!$C:$C, $A12), "") -> 0 | BV12: =IFERROR(MAXIFS(DB_Logs!$B:$B, DB_Logs!$A:$A, BT$1, DB_Logs!$C:$C, $A12), "") -> 0 | BW12: =IF(OR(BX12="", BY12=""), "", (FLOOR(BY12, "1:00") - CEILING(BX12 - "00:10", "1:00") + (FLOOR(BY12, "1:00") < CEILING(BX12 - "00:10", "1:00"))) * 24) -> 0 | BX12: =IFERROR(MINIFS(DB_Logs!$B:$B, DB_Logs!$A:$A, BW$1, DB_Logs!$C:$C, $A12), "") -> 0 | BY12: =IFERROR(MAXIFS(DB_Logs!$B:$B, DB_Logs!$A:$A, BW$1, DB_Logs!$C:$C, $A12), "") -> 0 | BZ12: =IF(OR(CA12="", CB12=""), "", (FLOOR(CB12, "1:00") - CEILING(CA12 - "00:10", "1:00") + (FLOOR(CB12, "1:00") < CEILING(CA12 - "00:10", "1:00"))) * 24) -> 0 | CA12: =IFERROR(MINIFS(DB_Logs!$B:$B, DB_Logs!$A:$A, BZ$1, DB_Logs!$C:$C, $A12), "") -> 0 | CB12: =IFERROR(MAXIFS(DB_Logs!$B:$B, DB_Logs!$A:$A, BZ$1, DB_Logs!$C:$C, $A12), "") -> 0 | CC12: =IF(OR(CD12="", CE12=""), "", (FLOOR(CE12, "1:00") - CEILING(CD12 - "00:10", "1:00") + (FLOOR(CE12, "1:00") < CEILING(CD12 - "00:10", "1:00"))) * 24) -> 0 | CD12: =IFERROR(MINIFS(DB_Logs!$B:$B, DB_Logs!$A:$A, CC$1, DB_Logs!$C:$C, $A12), "") -> 0 | CE12: =IFERROR(MAXIFS(DB_Logs!$B:$B, DB_Logs!$A:$A, CC$1, DB_Logs!$C:$C, $A12), "") -> 0 | CF12: =IF(OR(CG12="", CH12=""), "", (FLOOR(CH12, "1:00") - CEILING(CG12 - "00:10", "1:00") + (FLOOR(CH12, "1:00") < CEILING(CG12 - "00:10", "1:00"))) * 24) -> 0 | CG12: =IFERROR(MINIFS(DB_Logs!$B:$B, DB_Logs!$A:$A, CF$1, DB_Logs!$C:$C, $A12), "") -> 0 | CH12: =IFERROR(MAXIFS(DB_Logs!$B:$B, DB_Logs!$A:$A, CF$1, DB_Logs!$C:$C, $A12), "") -> 0 | CI12: =IF(OR(CJ12="", CK12=""), "", (FLOOR(CK12, "1:00") - CEILING(CJ12 - "00:10", "1:00") + (FLOOR(CK12, "1:00") < CEILING(CJ12 - "00:10", "1:00"))) * 24) -> 0 | CJ12: =IFERROR(MINIFS(DB_Logs!$B:$B, DB_Logs!$A:$A, CI$1, DB_Logs!$C:$C, $A12), "") -> 0 | CK12: =IFERROR(MAXIFS(DB_Logs!$B:$B, DB_Logs!$A:$A, CI$1, DB_Logs!$C:$C, $A12), "") -> 0 | CL12: =IF(OR(CM12="", CN12=""), "", (FLOOR(CN12, "1:00") - CEILING(CM12 - "00:10", "1:00") + (FLOOR(CN12, "1:00") < CEILING(CM12 - "00:10", "1:00"))) * 24) -> 0 | CM12: =IFERROR(MINIFS(DB_Logs!$B:$B, DB_Logs!$A:$A, CL$1, DB_Logs!$C:$C, $A12), "") -> 0 | CN12: =IFERROR(MAXIFS(DB_Logs!$B:$B, DB_Logs!$A:$A, CL$1, DB_Logs!$C:$C, $A12), "") -> 0 | CO12: =IF(OR(CP12="", CQ12=""), "", (FLOOR(CQ12, "1:00") - CEILING(CP12 - "00:10", "1:00") + (FLOOR(CQ12, "1:00") < CEILING(CP12 - "00:10", "1:00"))) * 24) -> 0 | CP12: =IFERROR(MINIFS(DB_Logs!$B:$B, DB_Logs!$A:$A, CO$1, DB_Logs!$C:$C, $A12), "") -> 0 | CQ12: =IFERROR(MAXIFS(DB_Logs!$B:$B, DB_Logs!$A:$A, CO$1, DB_Logs!$C:$C, $A12), "") -> 0
A13: Сотрудник 11 | B13: =SUMIF($2:$2, "Часы", 13:13) -> 0 | C13: =IF(OR(D13="", E13=""), "", (FLOOR(E13, "1:00") - CEILING(D13 - "00:10", "1:00") + (FLOOR(E13, "1:00") < CEILING(D13 - "00:10", "1:00"))) * 24) -> 0 | D13: =IFERROR(MINIFS(DB_Logs!$B:$B, DB_Logs!$A:$A, C$1, DB_Logs!$C:$C, $A13), "") -> 0 | E13: =IFERROR(MAXIFS(DB_Logs!$B:$B, DB_Logs!$A:$A, C$1, DB_Logs!$C:$C, $A13), "") -> 0 | F13: =IF(OR(G13="", H13=""), "", (FLOOR(H13, "1:00") - CEILING(G13 - "00:10", "1:00") + (FLOOR(H13, "1:00") < CEILING(G13 - "00:10", "1:00"))) * 24) -> 0 | G13: =IFERROR(MINIFS(DB_Logs!$B:$B, DB_Logs!$A:$A, F$1, DB_Logs!$C:$C, $A13), "") -> 0 | H13: =IFERROR(MAXIFS(DB_Logs!$B:$B, DB_Logs!$A:$A, F$1, DB_Logs!$C:$C, $A13), "") -> 0 | I13: =IF(OR(J13="", K13=""), "", (FLOOR(K13, "1:00") - CEILING(J13 - "00:10", "1:00") + (FLOOR(K13, "1:00") < CEILING(J13 - "00:10", "1:00"))) * 24) -> 0 | J13: =IFERROR(MINIFS(DB_Logs!$B:$B, DB_Logs!$A:$A, I$1, DB_Logs!$C:$C, $A13), "") -> 0 | K13: =IFERROR(MAXIFS(DB_Logs!$B:$B, DB_Logs!$A:$A, I$1, DB_Logs!$C:$C, $A13), "") -> 0 | L13: =IF(OR(M13="", N13=""), "", (FLOOR(N13, "1:00") - CEILING(M13 - "00:10", "1:00") + (FLOOR(N13, "1:00") < CEILING(M13 - "00:10", "1:00"))) * 24) -> 0 | M13: =IFERROR(MINIFS(DB_Logs!$B:$B, DB_Logs!$A:$A, L$1, DB_Logs!$C:$C, $A13), "") -> 0 | N13: =IFERROR(MAXIFS(DB_Logs!$B:$B, DB_Logs!$A:$A, L$1, DB_Logs!$C:$C, $A13), "") -> 0 | O13: =IF(OR(P13="", Q13=""), "", (FLOOR(Q13, "1:00") - CEILING(P13 - "00:10", "1:00") + (FLOOR(Q13, "1:00") < CEILING(P13 - "00:10", "1:00"))) * 24) -> 0 | P13: =IFERROR(MINIFS(DB_Logs!$B:$B, DB_Logs!$A:$A, O$1, DB_Logs!$C:$C, $A13), "") -> 0 | Q13: =IFERROR(MAXIFS(DB_Logs!$B:$B, DB_Logs!$A:$A, O$1, DB_Logs!$C:$C, $A13), "") -> 0 | R13: =IF(OR(S13="", T13=""), "", (FLOOR(T13, "1:00") - CEILING(S13 - "00:10", "1:00") + (FLOOR(T13, "1:00") < CEILING(S13 - "00:10", "1:00"))) * 24) -> 0 | S13: =IFERROR(MINIFS(DB_Logs!$B:$B, DB_Logs!$A:$A, R$1, DB_Logs!$C:$C, $A13), "") -> 0 | T13: =IFERROR(MAXIFS(DB_Logs!$B:$B, DB_Logs!$A:$A, R$1, DB_Logs!$C:$C, $A13), "") -> 0 | U13: =IF(OR(V13="", W13=""), "", (FLOOR(W13, "1:00") - CEILING(V13 - "00:10", "1:00") + (FLOOR(W13, "1:00") < CEILING(V13 - "00:10", "1:00"))) * 24) -> 0 | V13: =IFERROR(MINIFS(DB_Logs!$B:$B, DB_Logs!$A:$A, U$1, DB_Logs!$C:$C, $A13), "") -> 0 | W13: =IFERROR(MAXIFS(DB_Logs!$B:$B, DB_Logs!$A:$A, U$1, DB_Logs!$C:$C, $A13), "") -> 0 | X13: =IF(OR(Y13="", Z13=""), "", (FLOOR(Z13, "1:00") - CEILING(Y13 - "00:10", "1:00") + (FLOOR(Z13, "1:00") < CEILING(Y13 - "00:10", "1:00"))) * 24) -> 0 | Y13: =IFERROR(MINIFS(DB_Logs!$B:$B, DB_Logs!$A:$A, X$1, DB_Logs!$C:$C, $A13), "") -> 0 | Z13: =IFERROR(MAXIFS(DB_Logs!$B:$B, DB_Logs!$A:$A, X$1, DB_Logs!$C:$C, $A13), "") -> 0 | AA13: =IF(OR(AB13="", AC13=""), "", (FLOOR(AC13, "1:00") - CEILING(AB13 - "00:10", "1:00") + (FLOOR(AC13, "1:00") < CEILING(AB13 - "00:10", "1:00"))) * 24) -> 0 | AB13: =IFERROR(MINIFS(DB_Logs!$B:$B, DB_Logs!$A:$A, AA$1, DB_Logs!$C:$C, $A13), "") -> 0 | AC13: =IFERROR(MAXIFS(DB_Logs!$B:$B, DB_Logs!$A:$A, AA$1, DB_Logs!$C:$C, $A13), "") -> 0 | AD13: =IF(OR(AE13="", AF13=""), "", (FLOOR(AF13, "1:00") - CEILING(AE13 - "00:10", "1:00") + (FLOOR(AF13, "1:00") < CEILING(AE13 - "00:10", "1:00"))) * 24) -> 0 | AE13: =IFERROR(MINIFS(DB_Logs!$B:$B, DB_Logs!$A:$A, AD$1, DB_Logs!$C:$C, $A13), "") -> 0 | AF13: =IFERROR(MAXIFS(DB_Logs!$B:$B, DB_Logs!$A:$A, AD$1, DB_Logs!$C:$C, $A13), "") -> 0 | AG13: =IF(OR(AH13="", AI13=""), "", (FLOOR(AI13, "1:00") - CEILING(AH13 - "00:10", "1:00") + (FLOOR(AI13, "1:00") < CEILING(AH13 - "00:10", "1:00"))) * 24) -> 0 | AH13: =IFERROR(MINIFS(DB_Logs!$B:$B, DB_Logs!$A:$A, AG$1, DB_Logs!$C:$C, $A13), "") -> 0 | AI13: =IFERROR(MAXIFS(DB_Logs!$B:$B, DB_Logs!$A:$A, AG$1, DB_Logs!$C:$C, $A13), "") -> 0 | AJ13: =IF(OR(AK13="", AL13=""), "", (FLOOR(AL13, "1:00") - CEILING(AK13 - "00:10", "1:00") + (FLOOR(AL13, "1:00") < CEILING(AK13 - "00:10", "1:00"))) * 24) -> 0 | AK13: =IFERROR(MINIFS(DB_Logs!$B:$B, DB_Logs!$A:$A, AJ$1, DB_Logs!$C:$C, $A13), "") -> 0 | AL13: =IFERROR(MAXIFS(DB_Logs!$B:$B, DB_Logs!$A:$A, AJ$1, DB_Logs!$C:$C, $A13), "") -> 0 | AM13: =IF(OR(AN13="", AO13=""), "", (FLOOR(AO13, "1:00") - CEILING(AN13 - "00:10", "1:00") + (FLOOR(AO13, "1:00") < CEILING(AN13 - "00:10", "1:00"))) * 24) -> 0 | AN13: =IFERROR(MINIFS(DB_Logs!$B:$B, DB_Logs!$A:$A, AM$1, DB_Logs!$C:$C, $A13), "") -> 0 | AO13: =IFERROR(MAXIFS(DB_Logs!$B:$B, DB_Logs!$A:$A, AM$1, DB_Logs!$C:$C, $A13), "") -> 0 | AP13: =IF(OR(AQ13="", AR13=""), "", (FLOOR(AR13, "1:00") - CEILING(AQ13 - "00:10", "1:00") + (FLOOR(AR13, "1:00") < CEILING(AQ13 - "00:10", "1:00"))) * 24) -> 0 | AQ13: =IFERROR(MINIFS(DB_Logs!$B:$B, DB_Logs!$A:$A, AP$1, DB_Logs!$C:$C, $A13), "") -> 0 | AR13: =IFERROR(MAXIFS(DB_Logs!$B:$B, DB_Logs!$A:$A, AP$1, DB_Logs!$C:$C, $A13), "") -> 0 | AS13: =IF(OR(AT13="", AU13=""), "", (FLOOR(AU13, "1:00") - CEILING(AT13 - "00:10", "1:00") + (FLOOR(AU13, "1:00") < CEILING(AT13 - "00:10", "1:00"))) * 24) -> 0 | AT13: =IFERROR(MINIFS(DB_Logs!$B:$B, DB_Logs!$A:$A, AS$1, DB_Logs!$C:$C, $A13), "") -> 0 | AU13: =IFERROR(MAXIFS(DB_Logs!$B:$B, DB_Logs!$A:$A, AS$1, DB_Logs!$C:$C, $A13), "") -> 0 | AV13: =IF(OR(AW13="", AX13=""), "", (FLOOR(AX13, "1:00") - CEILING(AW13 - "00:10", "1:00") + (FLOOR(AX13, "1:00") < CEILING(AW13 - "00:10", "1:00"))) * 24) -> 0 | AW13: =IFERROR(MINIFS(DB_Logs!$B:$B, DB_Logs!$A:$A, AV$1, DB_Logs!$C:$C, $A13), "") -> 0 | AX13: =IFERROR(MAXIFS(DB_Logs!$B:$B, DB_Logs!$A:$A, AV$1, DB_Logs!$C:$C, $A13), "") -> 0 | AY13: =IF(OR(AZ13="", BA13=""), "", (FLOOR(BA13, "1:00") - CEILING(AZ13 - "00:10", "1:00") + (FLOOR(BA13, "1:00") < CEILING(AZ13 - "00:10", "1:00"))) * 24) -> 0 | AZ13: =IFERROR(MINIFS(DB_Logs!$B:$B, DB_Logs!$A:$A, AY$1, DB_Logs!$C:$C, $A13), "") -> 0 | BA13: =IFERROR(MAXIFS(DB_Logs!$B:$B, DB_Logs!$A:$A, AY$1, DB_Logs!$C:$C, $A13), "") -> 0 | BB13: =IF(OR(BC13="", BD13=""), "", (FLOOR(BD13, "1:00") - CEILING(BC13 - "00:10", "1:00") + (FLOOR(BD13, "1:00") < CEILING(BC13 - "00:10", "1:00"))) * 24) -> 0 | BC13: =IFERROR(MINIFS(DB_Logs!$B:$B, DB_Logs!$A:$A, BB$1, DB_Logs!$C:$C, $A13), "") -> 0 | BD13: =IFERROR(MAXIFS(DB_Logs!$B:$B, DB_Logs!$A:$A, BB$1, DB_Logs!$C:$C, $A13), "") -> 0 | BE13: =IF(OR(BF13="", BG13=""), "", (FLOOR(BG13, "1:00") - CEILING(BF13 - "00:10", "1:00") + (FLOOR(BG13, "1:00") < CEILING(BF13 - "00:10", "1:00"))) * 24) -> 0 | BF13: =IFERROR(MINIFS(DB_Logs!$B:$B, DB_Logs!$A:$A, BE$1, DB_Logs!$C:$C, $A13), "") -> 0 | BG13: =IFERROR(MAXIFS(DB_Logs!$B:$B, DB_Logs!$A:$A, BE$1, DB_Logs!$C:$C, $A13), "") -> 0 | BH13: =IF(OR(BI13="", BJ13=""), "", (FLOOR(BJ13, "1:00") - CEILING(BI13 - "00:10", "1:00") + (FLOOR(BJ13, "1:00") < CEILING(BI13 - "00:10", "1:00"))) * 24) -> 0 | BI13: =IFERROR(MINIFS(DB_Logs!$B:$B, DB_Logs!$A:$A, BH$1, DB_Logs!$C:$C, $A13), "") -> 0 | BJ13: =IFERROR(MAXIFS(DB_Logs!$B:$B, DB_Logs!$A:$A, BH$1, DB_Logs!$C:$C, $A13), "") -> 0 | BK13: =IF(OR(BL13="", BM13=""), "", (FLOOR(BM13, "1:00") - CEILING(BL13 - "00:10", "1:00") + (FLOOR(BM13, "1:00") < CEILING(BL13 - "00:10", "1:00"))) * 24) -> 0 | BL13: =IFERROR(MINIFS(DB_Logs!$B:$B, DB_Logs!$A:$A, BK$1, DB_Logs!$C:$C, $A13), "") -> 0 | BM13: =IFERROR(MAXIFS(DB_Logs!$B:$B, DB_Logs!$A:$A, BK$1, DB_Logs!$C:$C, $A13), "") -> 0 | BN13: =IF(OR(BO13="", BP13=""), "", (FLOOR(BP13, "1:00") - CEILING(BO13 - "00:10", "1:00") + (FLOOR(BP13, "1:00") < CEILING(BO13 - "00:10", "1:00"))) * 24) -> 0 | BO13: =IFERROR(MINIFS(DB_Logs!$B:$B, DB_Logs!$A:$A, BN$1, DB_Logs!$C:$C, $A13), "") -> 0 | BP13: =IFERROR(MAXIFS(DB_Logs!$B:$B, DB_Logs!$A:$A, BN$1, DB_Logs!$C:$C, $A13), "") -> 0 | BQ13: =IF(OR(BR13="", BS13=""), "", (FLOOR(BS13, "1:00") - CEILING(BR13 - "00:10", "1:00") + (FLOOR(BS13, "1:00") < CEILING(BR13 - "00:10", "1:00"))) * 24) -> 0 | BR13: =IFERROR(MINIFS(DB_Logs!$B:$B, DB_Logs!$A:$A, BQ$1, DB_Logs!$C:$C, $A13), "") -> 0 | BS13: =IFERROR(MAXIFS(DB_Logs!$B:$B, DB_Logs!$A:$A, BQ$1, DB_Logs!$C:$C, $A13), "") -> 0 | BT13: =IF(OR(BU13="", BV13=""), "", (FLOOR(BV13, "1:00") - CEILING(BU13 - "00:10", "1:00") + (FLOOR(BV13, "1:00") < CEILING(BU13 - "00:10", "1:00"))) * 24) -> 0 | BU13: =IFERROR(MINIFS(DB_Logs!$B:$B, DB_Logs!$A:$A, BT$1, DB_Logs!$C:$C, $A13), "") -> 0 | BV13: =IFERROR(MAXIFS(DB_Logs!$B:$B, DB_Logs!$A:$A, BT$1, DB_Logs!$C:$C, $A13), "") -> 0 | BW13: =IF(OR(BX13="", BY13=""), "", (FLOOR(BY13, "1:00") - CEILING(BX13 - "00:10", "1:00") + (FLOOR(BY13, "1:00") < CEILING(BX13 - "00:10", "1:00"))) * 24) -> 0 | BX13: =IFERROR(MINIFS(DB_Logs!$B:$B, DB_Logs!$A:$A, BW$1, DB_Logs!$C:$C, $A13), "") -> 0 | BY13: =IFERROR(MAXIFS(DB_Logs!$B:$B, DB_Logs!$A:$A, BW$1, DB_Logs!$C:$C, $A13), "") -> 0 | BZ13: =IF(OR(CA13="", CB13=""), "", (FLOOR(CB13, "1:00") - CEILING(CA13 - "00:10", "1:00") + (FLOOR(CB13, "1:00") < CEILING(CA13 - "00:10", "1:00"))) * 24) -> 0 | CA13: =IFERROR(MINIFS(DB_Logs!$B:$B, DB_Logs!$A:$A, BZ$1, DB_Logs!$C:$C, $A13), "") -> 0 | CB13: =IFERROR(MAXIFS(DB_Logs!$B:$B, DB_Logs!$A:$A, BZ$1, DB_Logs!$C:$C, $A13), "") -> 0 | CC13: =IF(OR(CD13="", CE13=""), "", (FLOOR(CE13, "1:00") - CEILING(CD13 - "00:10", "1:00") + (FLOOR(CE13, "1:00") < CEILING(CD13 - "00:10", "1:00"))) * 24) -> 0 | CD13: =IFERROR(MINIFS(DB_Logs!$B:$B, DB_Logs!$A:$A, CC$1, DB_Logs!$C:$C, $A13), "") -> 0 | CE13: =IFERROR(MAXIFS(DB_Logs!$B:$B, DB_Logs!$A:$A, CC$1, DB_Logs!$C:$C, $A13), "") -> 0 | CF13: =IF(OR(CG13="", CH13=""), "", (FLOOR(CH13, "1:00") - CEILING(CG13 - "00:10", "1:00") + (FLOOR(CH13, "1:00") < CEILING(CG13 - "00:10", "1:00"))) * 24) -> 0 | CG13: =IFERROR(MINIFS(DB_Logs!$B:$B, DB_Logs!$A:$A, CF$1, DB_Logs!$C:$C, $A13), "") -> 0 | CH13: =IFERROR(MAXIFS(DB_Logs!$B:$B, DB_Logs!$A:$A, CF$1, DB_Logs!$C:$C, $A13), "") -> 0 | CI13: =IF(OR(CJ13="", CK13=""), "", (FLOOR(CK13, "1:00") - CEILING(CJ13 - "00:10", "1:00") + (FLOOR(CK13, "1:00") < CEILING(CJ13 - "00:10", "1:00"))) * 24) -> 0 | CJ13: =IFERROR(MINIFS(DB_Logs!$B:$B, DB_Logs!$A:$A, CI$1, DB_Logs!$C:$C, $A13), "") -> 0 | CK13: =IFERROR(MAXIFS(DB_Logs!$B:$B, DB_Logs!$A:$A, CI$1, DB_Logs!$C:$C, $A13), "") -> 0 | CL13: =IF(OR(CM13="", CN13=""), "", (FLOOR(CN13, "1:00") - CEILING(CM13 - "00:10", "1:00") + (FLOOR(CN13, "1:00") < CEILING(CM13 - "00:10", "1:00"))) * 24) -> 0 | CM13: =IFERROR(MINIFS(DB_Logs!$B:$B, DB_Logs!$A:$A, CL$1, DB_Logs!$C:$C, $A13), "") -> 0 | CN13: =IFERROR(MAXIFS(DB_Logs!$B:$B, DB_Logs!$A:$A, CL$1, DB_Logs!$C:$C, $A13), "") -> 0 | CO13: =IF(OR(CP13="", CQ13=""), "", (FLOOR(CQ13, "1:00") - CEILING(CP13 - "00:10", "1:00") + (FLOOR(CQ13, "1:00") < CEILING(CP13 - "00:10", "1:00"))) * 24) -> 0 | CP13: =IFERROR(MINIFS(DB_Logs!$B:$B, DB_Logs!$A:$A, CO$1, DB_Logs!$C:$C, $A13), "") -> 0 | CQ13: =IFERROR(MAXIFS(DB_Logs!$B:$B, DB_Logs!$A:$A, CO$1, DB_Logs!$C:$C, $A13), "") -> 0
A14: Сотрудник 12 | B14: =SUMIF($2:$2, "Часы", 14:14) -> 0 | C14: =IF(OR(D14="", E14=""), "", (FLOOR(E14, "1:00") - CEILING(D14 - "00:10", "1:00") + (FLOOR(E14, "1:00") < CEILING(D14 - "00:10", "1:00"))) * 24) -> 0 | D14: =IFERROR(MINIFS(DB_Logs!$B:$B, DB_Logs!$A:$A, C$1, DB_Logs!$C:$C, $A14), "") -> 0 | E14: =IFERROR(MAXIFS(DB_Logs!$B:$B, DB_Logs!$A:$A, C$1, DB_Logs!$C:$C, $A14), "") -> 0 | F14: =IF(OR(G14="", H14=""), "", (FLOOR(H14, "1:00") - CEILING(G14 - "00:10", "1:00") + (FLOOR(H14, "1:00") < CEILING(G14 - "00:10", "1:00"))) * 24) -> 0 | G14: =IFERROR(MINIFS(DB_Logs!$B:$B, DB_Logs!$A:$A, F$1, DB_Logs!$C:$C, $A14), "") -> 0 | H14: =IFERROR(MAXIFS(DB_Logs!$B:$B, DB_Logs!$A:$A, F$1, DB_Logs!$C:$C, $A14), "") -> 0 | I14: =IF(OR(J14="", K14=""), "", (FLOOR(K14, "1:00") - CEILING(J14 - "00:10", "1:00") + (FLOOR(K14, "1:00") < CEILING(J14 - "00:10", "1:00"))) * 24) -> 0 | J14: =IFERROR(MINIFS(DB_Logs!$B:$B, DB_Logs!$A:$A, I$1, DB_Logs!$C:$C, $A14), "") -> 0 | K14: =IFERROR(MAXIFS(DB_Logs!$B:$B, DB_Logs!$A:$A, I$1, DB_Logs!$C:$C, $A14), "") -> 0 | L14: =IF(OR(M14="", N14=""), "", (FLOOR(N14, "1:00") - CEILING(M14 - "00:10", "1:00") + (FLOOR(N14, "1:00") < CEILING(M14 - "00:10", "1:00"))) * 24) -> 0 | M14: =IFERROR(MINIFS(DB_Logs!$B:$B, DB_Logs!$A:$A, L$1, DB_Logs!$C:$C, $A14), "") -> 0 | N14: =IFERROR(MAXIFS(DB_Logs!$B:$B, DB_Logs!$A:$A, L$1, DB_Logs!$C:$C, $A14), "") -> 0 | O14: =IF(OR(P14="", Q14=""), "", (FLOOR(Q14, "1:00") - CEILING(P14 - "00:10", "1:00") + (FLOOR(Q14, "1:00") < CEILING(P14 - "00:10", "1:00"))) * 24) -> 0 | P14: =IFERROR(MINIFS(DB_Logs!$B:$B, DB_Logs!$A:$A, O$1, DB_Logs!$C:$C, $A14), "") -> 0 | Q14: =IFERROR(MAXIFS(DB_Logs!$B:$B, DB_Logs!$A:$A, O$1, DB_Logs!$C:$C, $A14), "") -> 0 | R14: =IF(OR(S14="", T14=""), "", (FLOOR(T14, "1:00") - CEILING(S14 - "00:10", "1:00") + (FLOOR(T14, "1:00") < CEILING(S14 - "00:10", "1:00"))) * 24) -> 0 | S14: =IFERROR(MINIFS(DB_Logs!$B:$B, DB_Logs!$A:$A, R$1, DB_Logs!$C:$C, $A14), "") -> 0 | T14: =IFERROR(MAXIFS(DB_Logs!$B:$B, DB_Logs!$A:$A, R$1, DB_Logs!$C:$C, $A14), "") -> 0 | U14: =IF(OR(V14="", W14=""), "", (FLOOR(W14, "1:00") - CEILING(V14 - "00:10", "1:00") + (FLOOR(W14, "1:00") < CEILING(V14 - "00:10", "1:00"))) * 24) -> 0 | V14: =IFERROR(MINIFS(DB_Logs!$B:$B, DB_Logs!$A:$A, U$1, DB_Logs!$C:$C, $A14), "") -> 0 | W14: =IFERROR(MAXIFS(DB_Logs!$B:$B, DB_Logs!$A:$A, U$1, DB_Logs!$C:$C, $A14), "") -> 0 | X14: =IF(OR(Y14="", Z14=""), "", (FLOOR(Z14, "1:00") - CEILING(Y14 - "00:10", "1:00") + (FLOOR(Z14, "1:00") < CEILING(Y14 - "00:10", "1:00"))) * 24) -> 0 | Y14: =IFERROR(MINIFS(DB_Logs!$B:$B, DB_Logs!$A:$A, X$1, DB_Logs!$C:$C, $A14), "") -> 0 | Z14: =IFERROR(MAXIFS(DB_Logs!$B:$B, DB_Logs!$A:$A, X$1, DB_Logs!$C:$C, $A14), "") -> 0 | AA14: =IF(OR(AB14="", AC14=""), "", (FLOOR(AC14, "1:00") - CEILING(AB14 - "00:10", "1:00") + (FLOOR(AC14, "1:00") < CEILING(AB14 - "00:10", "1:00"))) * 24) -> 0 | AB14: =IFERROR(MINIFS(DB_Logs!$B:$B, DB_Logs!$A:$A, AA$1, DB_Logs!$C:$C, $A14), "") -> 0 | AC14: =IFERROR(MAXIFS(DB_Logs!$B:$B, DB_Logs!$A:$A, AA$1, DB_Logs!$C:$C, $A14), "") -> 0 | AD14: =IF(OR(AE14="", AF14=""), "", (FLOOR(AF14, "1:00") - CEILING(AE14 - "00:10", "1:00") + (FLOOR(AF14, "1:00") < CEILING(AE14 - "00:10", "1:00"))) * 24) -> 0 | AE14: =IFERROR(MINIFS(DB_Logs!$B:$B, DB_Logs!$A:$A, AD$1, DB_Logs!$C:$C, $A14), "") -> 0 | AF14: =IFERROR(MAXIFS(DB_Logs!$B:$B, DB_Logs!$A:$A, AD$1, DB_Logs!$C:$C, $A14), "") -> 0 | AG14: =IF(OR(AH14="", AI14=""), "", (FLOOR(AI14, "1:00") - CEILING(AH14 - "00:10", "1:00") + (FLOOR(AI14, "1:00") < CEILING(AH14 - "00:10", "1:00"))) * 24) -> 0 | AH14: =IFERROR(MINIFS(DB_Logs!$B:$B, DB_Logs!$A:$A, AG$1, DB_Logs!$C:$C, $A14), "") -> 0 | AI14: =IFERROR(MAXIFS(DB_Logs!$B:$B, DB_Logs!$A:$A, AG$1, DB_Logs!$C:$C, $A14), "") -> 0 | AJ14: =IF(OR(AK14="", AL14=""), "", (FLOOR(AL14, "1:00") - CEILING(AK14 - "00:10", "1:00") + (FLOOR(AL14, "1:00") < CEILING(AK14 - "00:10", "1:00"))) * 24) -> 0 | AK14: =IFERROR(MINIFS(DB_Logs!$B:$B, DB_Logs!$A:$A, AJ$1, DB_Logs!$C:$C, $A14), "") -> 0 | AL14: =IFERROR(MAXIFS(DB_Logs!$B:$B, DB_Logs!$A:$A, AJ$1, DB_Logs!$C:$C, $A14), "") -> 0 | AM14: =IF(OR(AN14="", AO14=""), "", (FLOOR(AO14, "1:00") - CEILING(AN14 - "00:10", "1:00") + (FLOOR(AO14, "1:00") < CEILING(AN14 - "00:10", "1:00"))) * 24) -> 0 | AN14: =IFERROR(MINIFS(DB_Logs!$B:$B, DB_Logs!$A:$A, AM$1, DB_Logs!$C:$C, $A14), "") -> 0 | AO14: =IFERROR(MAXIFS(DB_Logs!$B:$B, DB_Logs!$A:$A, AM$1, DB_Logs!$C:$C, $A14), "") -> 0 | AP14: =IF(OR(AQ14="", AR14=""), "", (FLOOR(AR14, "1:00") - CEILING(AQ14 - "00:10", "1:00") + (FLOOR(AR14, "1:00") < CEILING(AQ14 - "00:10", "1:00"))) * 24) -> 0 | AQ14: =IFERROR(MINIFS(DB_Logs!$B:$B, DB_Logs!$A:$A, AP$1, DB_Logs!$C:$C, $A14), "") -> 0 | AR14: =IFERROR(MAXIFS(DB_Logs!$B:$B, DB_Logs!$A:$A, AP$1, DB_Logs!$C:$C, $A14), "") -> 0 | AS14: =IF(OR(AT14="", AU14=""), "", (FLOOR(AU14, "1:00") - CEILING(AT14 - "00:10", "1:00") + (FLOOR(AU14, "1:00") < CEILING(AT14 - "00:10", "1:00"))) * 24) -> 0 | AT14: =IFERROR(MINIFS(DB_Logs!$B:$B, DB_Logs!$A:$A, AS$1, DB_Logs!$C:$C, $A14), "") -> 0 | AU14: =IFERROR(MAXIFS(DB_Logs!$B:$B, DB_Logs!$A:$A, AS$1, DB_Logs!$C:$C, $A14), "") -> 0 | AV14: =IF(OR(AW14="", AX14=""), "", (FLOOR(AX14, "1:00") - CEILING(AW14 - "00:10", "1:00") + (FLOOR(AX14, "1:00") < CEILING(AW14 - "00:10", "1:00"))) * 24) -> 0 | AW14: =IFERROR(MINIFS(DB_Logs!$B:$B, DB_Logs!$A:$A, AV$1, DB_Logs!$C:$C, $A14), "") -> 0 | AX14: =IFERROR(MAXIFS(DB_Logs!$B:$B, DB_Logs!$A:$A, AV$1, DB_Logs!$C:$C, $A14), "") -> 0 | AY14: =IF(OR(AZ14="", BA14=""), "", (FLOOR(BA14, "1:00") - CEILING(AZ14 - "00:10", "1:00") + (FLOOR(BA14, "1:00") < CEILING(AZ14 - "00:10", "1:00"))) * 24) -> 0 | AZ14: =IFERROR(MINIFS(DB_Logs!$B:$B, DB_Logs!$A:$A, AY$1, DB_Logs!$C:$C, $A14), "") -> 0 | BA14: =IFERROR(MAXIFS(DB_Logs!$B:$B, DB_Logs!$A:$A, AY$1, DB_Logs!$C:$C, $A14), "") -> 0 | BB14: =IF(OR(BC14="", BD14=""), "", (FLOOR(BD14, "1:00") - CEILING(BC14 - "00:10", "1:00") + (FLOOR(BD14, "1:00") < CEILING(BC14 - "00:10", "1:00"))) * 24) -> 0 | BC14: =IFERROR(MINIFS(DB_Logs!$B:$B, DB_Logs!$A:$A, BB$1, DB_Logs!$C:$C, $A14), "") -> 0 | BD14: =IFERROR(MAXIFS(DB_Logs!$B:$B, DB_Logs!$A:$A, BB$1, DB_Logs!$C:$C, $A14), "") -> 0 | BE14: =IF(OR(BF14="", BG14=""), "", (FLOOR(BG14, "1:00") - CEILING(BF14 - "00:10", "1:00") + (FLOOR(BG14, "1:00") < CEILING(BF14 - "00:10", "1:00"))) * 24) -> 0 | BF14: =IFERROR(MINIFS(DB_Logs!$B:$B, DB_Logs!$A:$A, BE$1, DB_Logs!$C:$C, $A14), "") -> 0 | BG14: =IFERROR(MAXIFS(DB_Logs!$B:$B, DB_Logs!$A:$A, BE$1, DB_Logs!$C:$C, $A14), "") -> 0 | BH14: =IF(OR(BI14="", BJ14=""), "", (FLOOR(BJ14, "1:00") - CEILING(BI14 - "00:10", "1:00") + (FLOOR(BJ14, "1:00") < CEILING(BI14 - "00:10", "1:00"))) * 24) -> 0 | BI14: =IFERROR(MINIFS(DB_Logs!$B:$B, DB_Logs!$A:$A, BH$1, DB_Logs!$C:$C, $A14), "") -> 0 | BJ14: =IFERROR(MAXIFS(DB_Logs!$B:$B, DB_Logs!$A:$A, BH$1, DB_Logs!$C:$C, $A14), "") -> 0 | BK14: =IF(OR(BL14="", BM14=""), "", (FLOOR(BM14, "1:00") - CEILING(BL14 - "00:10", "1:00") + (FLOOR(BM14, "1:00") < CEILING(BL14 - "00:10", "1:00"))) * 24) -> 0 | BL14: =IFERROR(MINIFS(DB_Logs!$B:$B, DB_Logs!$A:$A, BK$1, DB_Logs!$C:$C, $A14), "") -> 0 | BM14: =IFERROR(MAXIFS(DB_Logs!$B:$B, DB_Logs!$A:$A, BK$1, DB_Logs!$C:$C, $A14), "") -> 0 | BN14: =IF(OR(BO14="", BP14=""), "", (FLOOR(BP14, "1:00") - CEILING(BO14 - "00:10", "1:00") + (FLOOR(BP14, "1:00") < CEILING(BO14 - "00:10", "1:00"))) * 24) -> 0 | BO14: =IFERROR(MINIFS(DB_Logs!$B:$B, DB_Logs!$A:$A, BN$1, DB_Logs!$C:$C, $A14), "") -> 0 | BP14: =IFERROR(MAXIFS(DB_Logs!$B:$B, DB_Logs!$A:$A, BN$1, DB_Logs!$C:$C, $A14), "") -> 0 | BQ14: =IF(OR(BR14="", BS14=""), "", (FLOOR(BS14, "1:00") - CEILING(BR14 - "00:10", "1:00") + (FLOOR(BS14, "1:00") < CEILING(BR14 - "00:10", "1:00"))) * 24) -> 0 | BR14: =IFERROR(MINIFS(DB_Logs!$B:$B, DB_Logs!$A:$A, BQ$1, DB_Logs!$C:$C, $A14), "") -> 0 | BS14: =IFERROR(MAXIFS(DB_Logs!$B:$B, DB_Logs!$A:$A, BQ$1, DB_Logs!$C:$C, $A14), "") -> 0 | BT14: =IF(OR(BU14="", BV14=""), "", (FLOOR(BV14, "1:00") - CEILING(BU14 - "00:10", "1:00") + (FLOOR(BV14, "1:00") < CEILING(BU14 - "00:10", "1:00"))) * 24) -> 0 | BU14: =IFERROR(MINIFS(DB_Logs!$B:$B, DB_Logs!$A:$A, BT$1, DB_Logs!$C:$C, $A14), "") -> 0 | BV14: =IFERROR(MAXIFS(DB_Logs!$B:$B, DB_Logs!$A:$A, BT$1, DB_Logs!$C:$C, $A14), "") -> 0 | BW14: =IF(OR(BX14="", BY14=""), "", (FLOOR(BY14, "1:00") - CEILING(BX14 - "00:10", "1:00") + (FLOOR(BY14, "1:00") < CEILING(BX14 - "00:10", "1:00"))) * 24) -> 0 | BX14: =IFERROR(MINIFS(DB_Logs!$B:$B, DB_Logs!$A:$A, BW$1, DB_Logs!$C:$C, $A14), "") -> 0 | BY14: =IFERROR(MAXIFS(DB_Logs!$B:$B, DB_Logs!$A:$A, BW$1, DB_Logs!$C:$C, $A14), "") -> 0 | BZ14: =IF(OR(CA14="", CB14=""), "", (FLOOR(CB14, "1:00") - CEILING(CA14 - "00:10", "1:00") + (FLOOR(CB14, "1:00") < CEILING(CA14 - "00:10", "1:00"))) * 24) -> 0 | CA14: =IFERROR(MINIFS(DB_Logs!$B:$B, DB_Logs!$A:$A, BZ$1, DB_Logs!$C:$C, $A14), "") -> 0 | CB14: =IFERROR(MAXIFS(DB_Logs!$B:$B, DB_Logs!$A:$A, BZ$1, DB_Logs!$C:$C, $A14), "") -> 0 | CC14: =IF(OR(CD14="", CE14=""), "", (FLOOR(CE14, "1:00") - CEILING(CD14 - "00:10", "1:00") + (FLOOR(CE14, "1:00") < CEILING(CD14 - "00:10", "1:00"))) * 24) -> 0 | CD14: =IFERROR(MINIFS(DB_Logs!$B:$B, DB_Logs!$A:$A, CC$1, DB_Logs!$C:$C, $A14), "") -> 0 | CE14: =IFERROR(MAXIFS(DB_Logs!$B:$B, DB_Logs!$A:$A, CC$1, DB_Logs!$C:$C, $A14), "") -> 0 | CF14: =IF(OR(CG14="", CH14=""), "", (FLOOR(CH14, "1:00") - CEILING(CG14 - "00:10", "1:00") + (FLOOR(CH14, "1:00") < CEILING(CG14 - "00:10", "1:00"))) * 24) -> 0 | CG14: =IFERROR(MINIFS(DB_Logs!$B:$B, DB_Logs!$A:$A, CF$1, DB_Logs!$C:$C, $A14), "") -> 0 | CH14: =IFERROR(MAXIFS(DB_Logs!$B:$B, DB_Logs!$A:$A, CF$1, DB_Logs!$C:$C, $A14), "") -> 0 | CI14: =IF(OR(CJ14="", CK14=""), "", (FLOOR(CK14, "1:00") - CEILING(CJ14 - "00:10", "1:00") + (FLOOR(CK14, "1:00") < CEILING(CJ14 - "00:10", "1:00"))) * 24) -> 0 | CJ14: =IFERROR(MINIFS(DB_Logs!$B:$B, DB_Logs!$A:$A, CI$1, DB_Logs!$C:$C, $A14), "") -> 0 | CK14: =IFERROR(MAXIFS(DB_Logs!$B:$B, DB_Logs!$A:$A, CI$1, DB_Logs!$C:$C, $A14), "") -> 0 | CL14: =IF(OR(CM14="", CN14=""), "", (FLOOR(CN14, "1:00") - CEILING(CM14 - "00:10", "1:00") + (FLOOR(CN14, "1:00") < CEILING(CM14 - "00:10", "1:00"))) * 24) -> 0 | CM14: =IFERROR(MINIFS(DB_Logs!$B:$B, DB_Logs!$A:$A, CL$1, DB_Logs!$C:$C, $A14), "") -> 0 | CN14: =IFERROR(MAXIFS(DB_Logs!$B:$B, DB_Logs!$A:$A, CL$1, DB_Logs!$C:$C, $A14), "") -> 0 | CO14: =IF(OR(CP14="", CQ14=""), "", (FLOOR(CQ14, "1:00") - CEILING(CP14 - "00:10", "1:00") + (FLOOR(CQ14, "1:00") < CEILING(CP14 - "00:10", "1:00"))) * 24) -> 0 | CP14: =IFERROR(MINIFS(DB_Logs!$B:$B, DB_Logs!$A:$A, CO$1, DB_Logs!$C:$C, $A14), "") -> 0 | CQ14: =IFERROR(MAXIFS(DB_Logs!$B:$B, DB_Logs!$A:$A, CO$1, DB_Logs!$C:$C, $A14), "") -> 0
A15: Сотрудник 13 | B15: =SUMIF($2:$2, "Часы", 15:15) -> 0 | C15: =IF(OR(D15="", E15=""), "", (FLOOR(E15, "1:00") - CEILING(D15 - "00:10", "1:00") + (FLOOR(E15, "1:00") < CEILING(D15 - "00:10", "1:00"))) * 24) -> 0 | D15: =IFERROR(MINIFS(DB_Logs!$B:$B, DB_Logs!$A:$A, C$1, DB_Logs!$C:$C, $A15), "") -> 0 | E15: =IFERROR(MAXIFS(DB_Logs!$B:$B, DB_Logs!$A:$A, C$1, DB_Logs!$C:$C, $A15), "") -> 0 | F15: =IF(OR(G15="", H15=""), "", (FLOOR(H15, "1:00") - CEILING(G15 - "00:10", "1:00") + (FLOOR(H15, "1:00") < CEILING(G15 - "00:10", "1:00"))) * 24) -> 0 | G15: =IFERROR(MINIFS(DB_Logs!$B:$B, DB_Logs!$A:$A, F$1, DB_Logs!$C:$C, $A15), "") -> 0 | H15: =IFERROR(MAXIFS(DB_Logs!$B:$B, DB_Logs!$A:$A, F$1, DB_Logs!$C:$C, $A15), "") -> 0 | I15: =IF(OR(J15="", K15=""), "", (FLOOR(K15, "1:00") - CEILING(J15 - "00:10", "1:00") + (FLOOR(K15, "1:00") < CEILING(J15 - "00:10", "1:00"))) * 24) -> 0 | J15: =IFERROR(MINIFS(DB_Logs!$B:$B, DB_Logs!$A:$A, I$1, DB_Logs!$C:$C, $A15), "") -> 0 | K15: =IFERROR(MAXIFS(DB_Logs!$B:$B, DB_Logs!$A:$A, I$1, DB_Logs!$C:$C, $A15), "") -> 0 | L15: =IF(OR(M15="", N15=""), "", (FLOOR(N15, "1:00") - CEILING(M15 - "00:10", "1:00") + (FLOOR(N15, "1:00") < CEILING(M15 - "00:10", "1:00"))) * 24) -> 0 | M15: =IFERROR(MINIFS(DB_Logs!$B:$B, DB_Logs!$A:$A, L$1, DB_Logs!$C:$C, $A15), "") -> 0 | N15: =IFERROR(MAXIFS(DB_Logs!$B:$B, DB_Logs!$A:$A, L$1, DB_Logs!$C:$C, $A15), "") -> 0 | O15: =IF(OR(P15="", Q15=""), "", (FLOOR(Q15, "1:00") - CEILING(P15 - "00:10", "1:00") + (FLOOR(Q15, "1:00") < CEILING(P15 - "00:10", "1:00"))) * 24) -> 0 | P15: =IFERROR(MINIFS(DB_Logs!$B:$B, DB_Logs!$A:$A, O$1, DB_Logs!$C:$C, $A15), "") -> 0 | Q15: =IFERROR(MAXIFS(DB_Logs!$B:$B, DB_Logs!$A:$A, O$1, DB_Logs!$C:$C, $A15), "") -> 0 | R15: =IF(OR(S15="", T15=""), "", (FLOOR(T15, "1:00") - CEILING(S15 - "00:10", "1:00") + (FLOOR(T15, "1:00") < CEILING(S15 - "00:10", "1:00"))) * 24) -> 0 | S15: =IFERROR(MINIFS(DB_Logs!$B:$B, DB_Logs!$A:$A, R$1, DB_Logs!$C:$C, $A15), "") -> 0 | T15: =IFERROR(MAXIFS(DB_Logs!$B:$B, DB_Logs!$A:$A, R$1, DB_Logs!$C:$C, $A15), "") -> 0 | U15: =IF(OR(V15="", W15=""), "", (FLOOR(W15, "1:00") - CEILING(V15 - "00:10", "1:00") + (FLOOR(W15, "1:00") < CEILING(V15 - "00:10", "1:00"))) * 24) -> 0 | V15: =IFERROR(MINIFS(DB_Logs!$B:$B, DB_Logs!$A:$A, U$1, DB_Logs!$C:$C, $A15), "") -> 0 | W15: =IFERROR(MAXIFS(DB_Logs!$B:$B, DB_Logs!$A:$A, U$1, DB_Logs!$C:$C, $A15), "") -> 0 | X15: =IF(OR(Y15="", Z15=""), "", (FLOOR(Z15, "1:00") - CEILING(Y15 - "00:10", "1:00") + (FLOOR(Z15, "1:00") < CEILING(Y15 - "00:10", "1:00"))) * 24) -> 0 | Y15: =IFERROR(MINIFS(DB_Logs!$B:$B, DB_Logs!$A:$A, X$1, DB_Logs!$C:$C, $A15), "") -> 0 | Z15: =IFERROR(MAXIFS(DB_Logs!$B:$B, DB_Logs!$A:$A, X$1, DB_Logs!$C:$C, $A15), "") -> 0 | AA15: =IF(OR(AB15="", AC15=""), "", (FLOOR(AC15, "1:00") - CEILING(AB15 - "00:10", "1:00") + (FLOOR(AC15, "1:00") < CEILING(AB15 - "00:10", "1:00"))) * 24) -> 0 | AB15: =IFERROR(MINIFS(DB_Logs!$B:$B, DB_Logs!$A:$A, AA$1, DB_Logs!$C:$C, $A15), "") -> 0 | AC15: =IFERROR(MAXIFS(DB_Logs!$B:$B, DB_Logs!$A:$A, AA$1, DB_Logs!$C:$C, $A15), "") -> 0 | AD15: =IF(OR(AE15="", AF15=""), "", (FLOOR(AF15, "1:00") - CEILING(AE15 - "00:10", "1:00") + (FLOOR(AF15, "1:00") < CEILING(AE15 - "00:10", "1:00"))) * 24) -> 0 | AE15: =IFERROR(MINIFS(DB_Logs!$B:$B, DB_Logs!$A:$A, AD$1, DB_Logs!$C:$C, $A15), "") -> 0 | AF15: =IFERROR(MAXIFS(DB_Logs!$B:$B, DB_Logs!$A:$A, AD$1, DB_Logs!$C:$C, $A15), "") -> 0 | AG15: =IF(OR(AH15="", AI15=""), "", (FLOOR(AI15, "1:00") - CEILING(AH15 - "00:10", "1:00") + (FLOOR(AI15, "1:00") < CEILING(AH15 - "00:10", "1:00"))) * 24) -> 0 | AH15: =IFERROR(MINIFS(DB_Logs!$B:$B, DB_Logs!$A:$A, AG$1, DB_Logs!$C:$C, $A15), "") -> 0 | AI15: =IFERROR(MAXIFS(DB_Logs!$B:$B, DB_Logs!$A:$A, AG$1, DB_Logs!$C:$C, $A15), "") -> 0 | AJ15: =IF(OR(AK15="", AL15=""), "", (FLOOR(AL15, "1:00") - CEILING(AK15 - "00:10", "1:00") + (FLOOR(AL15, "1:00") < CEILING(AK15 - "00:10", "1:00"))) * 24) -> 0 | AK15: =IFERROR(MINIFS(DB_Logs!$B:$B, DB_Logs!$A:$A, AJ$1, DB_Logs!$C:$C, $A15), "") -> 0 | AL15: =IFERROR(MAXIFS(DB_Logs!$B:$B, DB_Logs!$A:$A, AJ$1, DB_Logs!$C:$C, $A15), "") -> 0 | AM15: =IF(OR(AN15="", AO15=""), "", (FLOOR(AO15, "1:00") - CEILING(AN15 - "00:10", "1:00") + (FLOOR(AO15, "1:00") < CEILING(AN15 - "00:10", "1:00"))) * 24) -> 0 | AN15: =IFERROR(MINIFS(DB_Logs!$B:$B, DB_Logs!$A:$A, AM$1, DB_Logs!$C:$C, $A15), "") -> 0 | AO15: =IFERROR(MAXIFS(DB_Logs!$B:$B, DB_Logs!$A:$A, AM$1, DB_Logs!$C:$C, $A15), "") -> 0 | AP15: =IF(OR(AQ15="", AR15=""), "", (FLOOR(AR15, "1:00") - CEILING(AQ15 - "00:10", "1:00") + (FLOOR(AR15, "1:00") < CEILING(AQ15 - "00:10", "1:00"))) * 24) -> 0 | AQ15: =IFERROR(MINIFS(DB_Logs!$B:$B, DB_Logs!$A:$A, AP$1, DB_Logs!$C:$C, $A15), "") -> 0 | AR15: =IFERROR(MAXIFS(DB_Logs!$B:$B, DB_Logs!$A:$A, AP$1, DB_Logs!$C:$C, $A15), "") -> 0 | AS15: =IF(OR(AT15="", AU15=""), "", (FLOOR(AU15, "1:00") - CEILING(AT15 - "00:10", "1:00") + (FLOOR(AU15, "1:00") < CEILING(AT15 - "00:10", "1:00"))) * 24) -> 0 | AT15: =IFERROR(MINIFS(DB_Logs!$B:$B, DB_Logs!$A:$A, AS$1, DB_Logs!$C:$C, $A15), "") -> 0 | AU15: =IFERROR(MAXIFS(DB_Logs!$B:$B, DB_Logs!$A:$A, AS$1, DB_Logs!$C:$C, $A15), "") -> 0 | AV15: =IF(OR(AW15="", AX15=""), "", (FLOOR(AX15, "1:00") - CEILING(AW15 - "00:10", "1:00") + (FLOOR(AX15, "1:00") < CEILING(AW15 - "00:10", "1:00"))) * 24) -> 0 | AW15: =IFERROR(MINIFS(DB_Logs!$B:$B, DB_Logs!$A:$A, AV$1, DB_Logs!$C:$C, $A15), "") -> 0 | AX15: =IFERROR(MAXIFS(DB_Logs!$B:$B, DB_Logs!$A:$A, AV$1, DB_Logs!$C:$C, $A15), "") -> 0 | AY15: =IF(OR(AZ15="", BA15=""), "", (FLOOR(BA15, "1:00") - CEILING(AZ15 - "00:10", "1:00") + (FLOOR(BA15, "1:00") < CEILING(AZ15 - "00:10", "1:00"))) * 24) -> 0 | AZ15: =IFERROR(MINIFS(DB_Logs!$B:$B, DB_Logs!$A:$A, AY$1, DB_Logs!$C:$C, $A15), "") -> 0 | BA15: =IFERROR(MAXIFS(DB_Logs!$B:$B, DB_Logs!$A:$A, AY$1, DB_Logs!$C:$C, $A15), "") -> 0 | BB15: =IF(OR(BC15="", BD15=""), "", (FLOOR(BD15, "1:00") - CEILING(BC15 - "00:10", "1:00") + (FLOOR(BD15, "1:00") < CEILING(BC15 - "00:10", "1:00"))) * 24) -> 0 | BC15: =IFERROR(MINIFS(DB_Logs!$B:$B, DB_Logs!$A:$A, BB$1, DB_Logs!$C:$C, $A15), "") -> 0 | BD15: =IFERROR(MAXIFS(DB_Logs!$B:$B, DB_Logs!$A:$A, BB$1, DB_Logs!$C:$C, $A15), "") -> 0 | BE15: =IF(OR(BF15="", BG15=""), "", (FLOOR(BG15, "1:00") - CEILING(BF15 - "00:10", "1:00") + (FLOOR(BG15, "1:00") < CEILING(BF15 - "00:10", "1:00"))) * 24) -> 0 | BF15: =IFERROR(MINIFS(DB_Logs!$B:$B, DB_Logs!$A:$A, BE$1, DB_Logs!$C:$C, $A15), "") -> 0 | BG15: =IFERROR(MAXIFS(DB_Logs!$B:$B, DB_Logs!$A:$A, BE$1, DB_Logs!$C:$C, $A15), "") -> 0 | BH15: =IF(OR(BI15="", BJ15=""), "", (FLOOR(BJ15, "1:00") - CEILING(BI15 - "00:10", "1:00") + (FLOOR(BJ15, "1:00") < CEILING(BI15 - "00:10", "1:00"))) * 24) -> 0 | BI15: =IFERROR(MINIFS(DB_Logs!$B:$B, DB_Logs!$A:$A, BH$1, DB_Logs!$C:$C, $A15), "") -> 0 | BJ15: =IFERROR(MAXIFS(DB_Logs!$B:$B, DB_Logs!$A:$A, BH$1, DB_Logs!$C:$C, $A15), "") -> 0 | BK15: =IF(OR(BL15="", BM15=""), "", (FLOOR(BM15, "1:00") - CEILING(BL15 - "00:10", "1:00") + (FLOOR(BM15, "1:00") < CEILING(BL15 - "00:10", "1:00"))) * 24) -> 0 | BL15: =IFERROR(MINIFS(DB_Logs!$B:$B, DB_Logs!$A:$A, BK$1, DB_Logs!$C:$C, $A15), "") -> 0 | BM15: =IFERROR(MAXIFS(DB_Logs!$B:$B, DB_Logs!$A:$A, BK$1, DB_Logs!$C:$C, $A15), "") -> 0 | BN15: =IF(OR(BO15="", BP15=""), "", (FLOOR(BP15, "1:00") - CEILING(BO15 - "00:10", "1:00") + (FLOOR(BP15, "1:00") < CEILING(BO15 - "00:10", "1:00"))) * 24) -> 0 | BO15: =IFERROR(MINIFS(DB_Logs!$B:$B, DB_Logs!$A:$A, BN$1, DB_Logs!$C:$C, $A15), "") -> 0 | BP15: =IFERROR(MAXIFS(DB_Logs!$B:$B, DB_Logs!$A:$A, BN$1, DB_Logs!$C:$C, $A15), "") -> 0 | BQ15: =IF(OR(BR15="", BS15=""), "", (FLOOR(BS15, "1:00") - CEILING(BR15 - "00:10", "1:00") + (FLOOR(BS15, "1:00") < CEILING(BR15 - "00:10", "1:00"))) * 24) -> 0 | BR15: =IFERROR(MINIFS(DB_Logs!$B:$B, DB_Logs!$A:$A, BQ$1, DB_Logs!$C:$C, $A15), "") -> 0 | BS15: =IFERROR(MAXIFS(DB_Logs!$B:$B, DB_Logs!$A:$A, BQ$1, DB_Logs!$C:$C, $A15), "") -> 0 | BT15: =IF(OR(BU15="", BV15=""), "", (FLOOR(BV15, "1:00") - CEILING(BU15 - "00:10", "1:00") + (FLOOR(BV15, "1:00") < CEILING(BU15 - "00:10", "1:00"))) * 24) -> 0 | BU15: =IFERROR(MINIFS(DB_Logs!$B:$B, DB_Logs!$A:$A, BT$1, DB_Logs!$C:$C, $A15), "") -> 0 | BV15: =IFERROR(MAXIFS(DB_Logs!$B:$B, DB_Logs!$A:$A, BT$1, DB_Logs!$C:$C, $A15), "") -> 0 | BW15: =IF(OR(BX15="", BY15=""), "", (FLOOR(BY15, "1:00") - CEILING(BX15 - "00:10", "1:00") + (FLOOR(BY15, "1:00") < CEILING(BX15 - "00:10", "1:00"))) * 24) -> 0 | BX15: =IFERROR(MINIFS(DB_Logs!$B:$B, DB_Logs!$A:$A, BW$1, DB_Logs!$C:$C, $A15), "") -> 0 | BY15: =IFERROR(MAXIFS(DB_Logs!$B:$B, DB_Logs!$A:$A, BW$1, DB_Logs!$C:$C, $A15), "") -> 0 | BZ15: =IF(OR(CA15="", CB15=""), "", (FLOOR(CB15, "1:00") - CEILING(CA15 - "00:10", "1:00") + (FLOOR(CB15, "1:00") < CEILING(CA15 - "00:10", "1:00"))) * 24) -> 0 | CA15: =IFERROR(MINIFS(DB_Logs!$B:$B, DB_Logs!$A:$A, BZ$1, DB_Logs!$C:$C, $A15), "") -> 0 | CB15: =IFERROR(MAXIFS(DB_Logs!$B:$B, DB_Logs!$A:$A, BZ$1, DB_Logs!$C:$C, $A15), "") -> 0 | CC15: =IF(OR(CD15="", CE15=""), "", (FLOOR(CE15, "1:00") - CEILING(CD15 - "00:10", "1:00") + (FLOOR(CE15, "1:00") < CEILING(CD15 - "00:10", "1:00"))) * 24) -> 0 | CD15: =IFERROR(MINIFS(DB_Logs!$B:$B, DB_Logs!$A:$A, CC$1, DB_Logs!$C:$C, $A15), "") -> 0 | CE15: =IFERROR(MAXIFS(DB_Logs!$B:$B, DB_Logs!$A:$A, CC$1, DB_Logs!$C:$C, $A15), "") -> 0 | CF15: =IF(OR(CG15="", CH15=""), "", (FLOOR(CH15, "1:00") - CEILING(CG15 - "00:10", "1:00") + (FLOOR(CH15, "1:00") < CEILING(CG15 - "00:10", "1:00"))) * 24) -> 0 | CG15: =IFERROR(MINIFS(DB_Logs!$B:$B, DB_Logs!$A:$A, CF$1, DB_Logs!$C:$C, $A15), "") -> 0 | CH15: =IFERROR(MAXIFS(DB_Logs!$B:$B, DB_Logs!$A:$A, CF$1, DB_Logs!$C:$C, $A15), "") -> 0 | CI15: =IF(OR(CJ15="", CK15=""), "", (FLOOR(CK15, "1:00") - CEILING(CJ15 - "00:10", "1:00") + (FLOOR(CK15, "1:00") < CEILING(CJ15 - "00:10", "1:00"))) * 24) -> 0 | CJ15: =IFERROR(MINIFS(DB_Logs!$B:$B, DB_Logs!$A:$A, CI$1, DB_Logs!$C:$C, $A15), "") -> 0 | CK15: =IFERROR(MAXIFS(DB_Logs!$B:$B, DB_Logs!$A:$A, CI$1, DB_Logs!$C:$C, $A15), "") -> 0 | CL15: =IF(OR(CM15="", CN15=""), "", (FLOOR(CN15, "1:00") - CEILING(CM15 - "00:10", "1:00") + (FLOOR(CN15, "1:00") < CEILING(CM15 - "00:10", "1:00"))) * 24) -> 0 | CM15: =IFERROR(MINIFS(DB_Logs!$B:$B, DB_Logs!$A:$A, CL$1, DB_Logs!$C:$C, $A15), "") -> 0 | CN15: =IFERROR(MAXIFS(DB_Logs!$B:$B, DB_Logs!$A:$A, CL$1, DB_Logs!$C:$C, $A15), "") -> 0 | CO15: =IF(OR(CP15="", CQ15=""), "", (FLOOR(CQ15, "1:00") - CEILING(CP15 - "00:10", "1:00") + (FLOOR(CQ15, "1:00") < CEILING(CP15 - "00:10", "1:00"))) * 24) -> 0 | CP15: =IFERROR(MINIFS(DB_Logs!$B:$B, DB_Logs!$A:$A, CO$1, DB_Logs!$C:$C, $A15), "") -> 0 | CQ15: =IFERROR(MAXIFS(DB_Logs!$B:$B, DB_Logs!$A:$A, CO$1, DB_Logs!$C:$C, $A15), "") -> 0
A16: Сотрудник 14 | B16: =SUMIF($2:$2, "Часы", 16:16) -> 0 | C16: =IF(OR(D16="", E16=""), "", (FLOOR(E16, "1:00") - CEILING(D16 - "00:10", "1:00") + (FLOOR(E16, "1:00") < CEILING(D16 - "00:10", "1:00"))) * 24) -> 0 | D16: =IFERROR(MINIFS(DB_Logs!$B:$B, DB_Logs!$A:$A, C$1, DB_Logs!$C:$C, $A16), "") -> 0 | E16: =IFERROR(MAXIFS(DB_Logs!$B:$B, DB_Logs!$A:$A, C$1, DB_Logs!$C:$C, $A16), "") -> 0 | F16: =IF(OR(G16="", H16=""), "", (FLOOR(H16, "1:00") - CEILING(G16 - "00:10", "1:00") + (FLOOR(H16, "1:00") < CEILING(G16 - "00:10", "1:00"))) * 24) -> 0 | G16: =IFERROR(MINIFS(DB_Logs!$B:$B, DB_Logs!$A:$A, F$1, DB_Logs!$C:$C, $A16), "") -> 0 | H16: =IFERROR(MAXIFS(DB_Logs!$B:$B, DB_Logs!$A:$A, F$1, DB_Logs!$C:$C, $A16), "") -> 0 | I16: =IF(OR(J16="", K16=""), "", (FLOOR(K16, "1:00") - CEILING(J16 - "00:10", "1:00") + (FLOOR(K16, "1:00") < CEILING(J16 - "00:10", "1:00"))) * 24) -> 0 | J16: =IFERROR(MINIFS(DB_Logs!$B:$B, DB_Logs!$A:$A, I$1, DB_Logs!$C:$C, $A16), "") -> 0 | K16: =IFERROR(MAXIFS(DB_Logs!$B:$B, DB_Logs!$A:$A, I$1, DB_Logs!$C:$C, $A16), "") -> 0 | L16: =IF(OR(M16="", N16=""), "", (FLOOR(N16, "1:00") - CEILING(M16 - "00:10", "1:00") + (FLOOR(N16, "1:00") < CEILING(M16 - "00:10", "1:00"))) * 24) -> 0 | M16: =IFERROR(MINIFS(DB_Logs!$B:$B, DB_Logs!$A:$A, L$1, DB_Logs!$C:$C, $A16), "") -> 0 | N16: =IFERROR(MAXIFS(DB_Logs!$B:$B, DB_Logs!$A:$A, L$1, DB_Logs!$C:$C, $A16), "") -> 0 | O16: =IF(OR(P16="", Q16=""), "", (FLOOR(Q16, "1:00") - CEILING(P16 - "00:10", "1:00") + (FLOOR(Q16, "1:00") < CEILING(P16 - "00:10", "1:00"))) * 24) -> 0 | P16: =IFERROR(MINIFS(DB_Logs!$B:$B, DB_Logs!$A:$A, O$1, DB_Logs!$C:$C, $A16), "") -> 0 | Q16: =IFERROR(MAXIFS(DB_Logs!$B:$B, DB_Logs!$A:$A, O$1, DB_Logs!$C:$C, $A16), "") -> 0 | R16: =IF(OR(S16="", T16=""), "", (FLOOR(T16, "1:00") - CEILING(S16 - "00:10", "1:00") + (FLOOR(T16, "1:00") < CEILING(S16 - "00:10", "1:00"))) * 24) -> 0 | S16: =IFERROR(MINIFS(DB_Logs!$B:$B, DB_Logs!$A:$A, R$1, DB_Logs!$C:$C, $A16), "") -> 0 | T16: =IFERROR(MAXIFS(DB_Logs!$B:$B, DB_Logs!$A:$A, R$1, DB_Logs!$C:$C, $A16), "") -> 0 | U16: =IF(OR(V16="", W16=""), "", (FLOOR(W16, "1:00") - CEILING(V16 - "00:10", "1:00") + (FLOOR(W16, "1:00") < CEILING(V16 - "00:10", "1:00"))) * 24) -> 0 | V16: =IFERROR(MINIFS(DB_Logs!$B:$B, DB_Logs!$A:$A, U$1, DB_Logs!$C:$C, $A16), "") -> 0 | W16: =IFERROR(MAXIFS(DB_Logs!$B:$B, DB_Logs!$A:$A, U$1, DB_Logs!$C:$C, $A16), "") -> 0 | X16: =IF(OR(Y16="", Z16=""), "", (FLOOR(Z16, "1:00") - CEILING(Y16 - "00:10", "1:00") + (FLOOR(Z16, "1:00") < CEILING(Y16 - "00:10", "1:00"))) * 24) -> 0 | Y16: =IFERROR(MINIFS(DB_Logs!$B:$B, DB_Logs!$A:$A, X$1, DB_Logs!$C:$C, $A16), "") -> 0 | Z16: =IFERROR(MAXIFS(DB_Logs!$B:$B, DB_Logs!$A:$A, X$1, DB_Logs!$C:$C, $A16), "") -> 0 | AA16: =IF(OR(AB16="", AC16=""), "", (FLOOR(AC16, "1:00") - CEILING(AB16 - "00:10", "1:00") + (FLOOR(AC16, "1:00") < CEILING(AB16 - "00:10", "1:00"))) * 24) -> 0 | AB16: =IFERROR(MINIFS(DB_Logs!$B:$B, DB_Logs!$A:$A, AA$1, DB_Logs!$C:$C, $A16), "") -> 0 | AC16: =IFERROR(MAXIFS(DB_Logs!$B:$B, DB_Logs!$A:$A, AA$1, DB_Logs!$C:$C, $A16), "") -> 0 | AD16: =IF(OR(AE16="", AF16=""), "", (FLOOR(AF16, "1:00") - CEILING(AE16 - "00:10", "1:00") + (FLOOR(AF16, "1:00") < CEILING(AE16 - "00:10", "1:00"))) * 24) -> 0 | AE16: =IFERROR(MINIFS(DB_Logs!$B:$B, DB_Logs!$A:$A, AD$1, DB_Logs!$C:$C, $A16), "") -> 0 | AF16: =IFERROR(MAXIFS(DB_Logs!$B:$B, DB_Logs!$A:$A, AD$1, DB_Logs!$C:$C, $A16), "") -> 0 | AG16: =IF(OR(AH16="", AI16=""), "", (FLOOR(AI16, "1:00") - CEILING(AH16 - "00:10", "1:00") + (FLOOR(AI16, "1:00") < CEILING(AH16 - "00:10", "1:00"))) * 24) -> 0 | AH16: =IFERROR(MINIFS(DB_Logs!$B:$B, DB_Logs!$A:$A, AG$1, DB_Logs!$C:$C, $A16), "") -> 0 | AI16: =IFERROR(MAXIFS(DB_Logs!$B:$B, DB_Logs!$A:$A, AG$1, DB_Logs!$C:$C, $A16), "") -> 0 | AJ16: =IF(OR(AK16="", AL16=""), "", (FLOOR(AL16, "1:00") - CEILING(AK16 - "00:10", "1:00") + (FLOOR(AL16, "1:00") < CEILING(AK16 - "00:10", "1:00"))) * 24) -> 0 | AK16: =IFERROR(MINIFS(DB_Logs!$B:$B, DB_Logs!$A:$A, AJ$1, DB_Logs!$C:$C, $A16), "") -> 0 | AL16: =IFERROR(MAXIFS(DB_Logs!$B:$B, DB_Logs!$A:$A, AJ$1, DB_Logs!$C:$C, $A16), "") -> 0 | AM16: =IF(OR(AN16="", AO16=""), "", (FLOOR(AO16, "1:00") - CEILING(AN16 - "00:10", "1:00") + (FLOOR(AO16, "1:00") < CEILING(AN16 - "00:10", "1:00"))) * 24) -> 0 | AN16: =IFERROR(MINIFS(DB_Logs!$B:$B, DB_Logs!$A:$A, AM$1, DB_Logs!$C:$C, $A16), "") -> 0 | AO16: =IFERROR(MAXIFS(DB_Logs!$B:$B, DB_Logs!$A:$A, AM$1, DB_Logs!$C:$C, $A16), "") -> 0 | AP16: =IF(OR(AQ16="", AR16=""), "", (FLOOR(AR16, "1:00") - CEILING(AQ16 - "00:10", "1:00") + (FLOOR(AR16, "1:00") < CEILING(AQ16 - "00:10", "1:00"))) * 24) -> 0 | AQ16: =IFERROR(MINIFS(DB_Logs!$B:$B, DB_Logs!$A:$A, AP$1, DB_Logs!$C:$C, $A16), "") -> 0 | AR16: =IFERROR(MAXIFS(DB_Logs!$B:$B, DB_Logs!$A:$A, AP$1, DB_Logs!$C:$C, $A16), "") -> 0 | AS16: =IF(OR(AT16="", AU16=""), "", (FLOOR(AU16, "1:00") - CEILING(AT16 - "00:10", "1:00") + (FLOOR(AU16, "1:00") < CEILING(AT16 - "00:10", "1:00"))) * 24) -> 0 | AT16: =IFERROR(MINIFS(DB_Logs!$B:$B, DB_Logs!$A:$A, AS$1, DB_Logs!$C:$C, $A16), "") -> 0 | AU16: =IFERROR(MAXIFS(DB_Logs!$B:$B, DB_Logs!$A:$A, AS$1, DB_Logs!$C:$C, $A16), "") -> 0 | AV16: =IF(OR(AW16="", AX16=""), "", (FLOOR(AX16, "1:00") - CEILING(AW16 - "00:10", "1:00") + (FLOOR(AX16, "1:00") < CEILING(AW16 - "00:10", "1:00"))) * 24) -> 0 | AW16: =IFERROR(MINIFS(DB_Logs!$B:$B, DB_Logs!$A:$A, AV$1, DB_Logs!$C:$C, $A16), "") -> 0 | AX16: =IFERROR(MAXIFS(DB_Logs!$B:$B, DB_Logs!$A:$A, AV$1, DB_Logs!$C:$C, $A16), "") -> 0 | AY16: =IF(OR(AZ16="", BA16=""), "", (FLOOR(BA16, "1:00") - CEILING(AZ16 - "00:10", "1:00") + (FLOOR(BA16, "1:00") < CEILING(AZ16 - "00:10", "1:00"))) * 24) -> 0 | AZ16: =IFERROR(MINIFS(DB_Logs!$B:$B, DB_Logs!$A:$A, AY$1, DB_Logs!$C:$C, $A16), "") -> 0 | BA16: =IFERROR(MAXIFS(DB_Logs!$B:$B, DB_Logs!$A:$A, AY$1, DB_Logs!$C:$C, $A16), "") -> 0 | BB16: =IF(OR(BC16="", BD16=""), "", (FLOOR(BD16, "1:00") - CEILING(BC16 - "00:10", "1:00") + (FLOOR(BD16, "1:00") < CEILING(BC16 - "00:10", "1:00"))) * 24) -> 0 | BC16: =IFERROR(MINIFS(DB_Logs!$B:$B, DB_Logs!$A:$A, BB$1, DB_Logs!$C:$C, $A16), "") -> 0 | BD16: =IFERROR(MAXIFS(DB_Logs!$B:$B, DB_Logs!$A:$A, BB$1, DB_Logs!$C:$C, $A16), "") -> 0 | BE16: =IF(OR(BF16="", BG16=""), "", (FLOOR(BG16, "1:00") - CEILING(BF16 - "00:10", "1:00") + (FLOOR(BG16, "1:00") < CEILING(BF16 - "00:10", "1:00"))) * 24) -> 0 | BF16: =IFERROR(MINIFS(DB_Logs!$B:$B, DB_Logs!$A:$A, BE$1, DB_Logs!$C:$C, $A16), "") -> 0 | BG16: =IFERROR(MAXIFS(DB_Logs!$B:$B, DB_Logs!$A:$A, BE$1, DB_Logs!$C:$C, $A16), "") -> 0 | BH16: =IF(OR(BI16="", BJ16=""), "", (FLOOR(BJ16, "1:00") - CEILING(BI16 - "00:10", "1:00") + (FLOOR(BJ16, "1:00") < CEILING(BI16 - "00:10", "1:00"))) * 24) -> 0 | BI16: =IFERROR(MINIFS(DB_Logs!$B:$B, DB_Logs!$A:$A, BH$1, DB_Logs!$C:$C, $A16), "") -> 0 | BJ16: =IFERROR(MAXIFS(DB_Logs!$B:$B, DB_Logs!$A:$A, BH$1, DB_Logs!$C:$C, $A16), "") -> 0 | BK16: =IF(OR(BL16="", BM16=""), "", (FLOOR(BM16, "1:00") - CEILING(BL16 - "00:10", "1:00") + (FLOOR(BM16, "1:00") < CEILING(BL16 - "00:10", "1:00"))) * 24) -> 0 | BL16: =IFERROR(MINIFS(DB_Logs!$B:$B, DB_Logs!$A:$A, BK$1, DB_Logs!$C:$C, $A16), "") -> 0 | BM16: =IFERROR(MAXIFS(DB_Logs!$B:$B, DB_Logs!$A:$A, BK$1, DB_Logs!$C:$C, $A16), "") -> 0 | BN16: =IF(OR(BO16="", BP16=""), "", (FLOOR(BP16, "1:00") - CEILING(BO16 - "00:10", "1:00") + (FLOOR(BP16, "1:00") < CEILING(BO16 - "00:10", "1:00"))) * 24) -> 0 | BO16: =IFERROR(MINIFS(DB_Logs!$B:$B, DB_Logs!$A:$A, BN$1, DB_Logs!$C:$C, $A16), "") -> 0 | BP16: =IFERROR(MAXIFS(DB_Logs!$B:$B, DB_Logs!$A:$A, BN$1, DB_Logs!$C:$C, $A16), "") -> 0 | BQ16: =IF(OR(BR16="", BS16=""), "", (FLOOR(BS16, "1:00") - CEILING(BR16 - "00:10", "1:00") + (FLOOR(BS16, "1:00") < CEILING(BR16 - "00:10", "1:00"))) * 24) -> 0 | BR16: =IFERROR(MINIFS(DB_Logs!$B:$B, DB_Logs!$A:$A, BQ$1, DB_Logs!$C:$C, $A16), "") -> 0 | BS16: =IFERROR(MAXIFS(DB_Logs!$B:$B, DB_Logs!$A:$A, BQ$1, DB_Logs!$C:$C, $A16), "") -> 0 | BT16: =IF(OR(BU16="", BV16=""), "", (FLOOR(BV16, "1:00") - CEILING(BU16 - "00:10", "1:00") + (FLOOR(BV16, "1:00") < CEILING(BU16 - "00:10", "1:00"))) * 24) -> 0 | BU16: =IFERROR(MINIFS(DB_Logs!$B:$B, DB_Logs!$A:$A, BT$1, DB_Logs!$C:$C, $A16), "") -> 0 | BV16: =IFERROR(MAXIFS(DB_Logs!$B:$B, DB_Logs!$A:$A, BT$1, DB_Logs!$C:$C, $A16), "") -> 0 | BW16: =IF(OR(BX16="", BY16=""), "", (FLOOR(BY16, "1:00") - CEILING(BX16 - "00:10", "1:00") + (FLOOR(BY16, "1:00") < CEILING(BX16 - "00:10", "1:00"))) * 24) -> 0 | BX16: =IFERROR(MINIFS(DB_Logs!$B:$B, DB_Logs!$A:$A, BW$1, DB_Logs!$C:$C, $A16), "") -> 0 | BY16: =IFERROR(MAXIFS(DB_Logs!$B:$B, DB_Logs!$A:$A, BW$1, DB_Logs!$C:$C, $A16), "") -> 0 | BZ16: =IF(OR(CA16="", CB16=""), "", (FLOOR(CB16, "1:00") - CEILING(CA16 - "00:10", "1:00") + (FLOOR(CB16, "1:00") < CEILING(CA16 - "00:10", "1:00"))) * 24) -> 0 | CA16: =IFERROR(MINIFS(DB_Logs!$B:$B, DB_Logs!$A:$A, BZ$1, DB_Logs!$C:$C, $A16), "") -> 0 | CB16: =IFERROR(MAXIFS(DB_Logs!$B:$B, DB_Logs!$A:$A, BZ$1, DB_Logs!$C:$C, $A16), "") -> 0 | CC16: =IF(OR(CD16="", CE16=""), "", (FLOOR(CE16, "1:00") - CEILING(CD16 - "00:10", "1:00") + (FLOOR(CE16, "1:00") < CEILING(CD16 - "00:10", "1:00"))) * 24) -> 0 | CD16: =IFERROR(MINIFS(DB_Logs!$B:$B, DB_Logs!$A:$A, CC$1, DB_Logs!$C:$C, $A16), "") -> 0 | CE16: =IFERROR(MAXIFS(DB_Logs!$B:$B, DB_Logs!$A:$A, CC$1, DB_Logs!$C:$C, $A16), "") -> 0 | CF16: =IF(OR(CG16="", CH16=""), "", (FLOOR(CH16, "1:00") - CEILING(CG16 - "00:10", "1:00") + (FLOOR(CH16, "1:00") < CEILING(CG16 - "00:10", "1:00"))) * 24) -> 0 | CG16: =IFERROR(MINIFS(DB_Logs!$B:$B, DB_Logs!$A:$A, CF$1, DB_Logs!$C:$C, $A16), "") -> 0 | CH16: =IFERROR(MAXIFS(DB_Logs!$B:$B, DB_Logs!$A:$A, CF$1, DB_Logs!$C:$C, $A16), "") -> 0 | CI16: =IF(OR(CJ16="", CK16=""), "", (FLOOR(CK16, "1:00") - CEILING(CJ16 - "00:10", "1:00") + (FLOOR(CK16, "1:00") < CEILING(CJ16 - "00:10", "1:00"))) * 24) -> 0 | CJ16: =IFERROR(MINIFS(DB_Logs!$B:$B, DB_Logs!$A:$A, CI$1, DB_Logs!$C:$C, $A16), "") -> 0 | CK16: =IFERROR(MAXIFS(DB_Logs!$B:$B, DB_Logs!$A:$A, CI$1, DB_Logs!$C:$C, $A16), "") -> 0 | CL16: =IF(OR(CM16="", CN16=""), "", (FLOOR(CN16, "1:00") - CEILING(CM16 - "00:10", "1:00") + (FLOOR(CN16, "1:00") < CEILING(CM16 - "00:10", "1:00"))) * 24) -> 0 | CM16: =IFERROR(MINIFS(DB_Logs!$B:$B, DB_Logs!$A:$A, CL$1, DB_Logs!$C:$C, $A16), "") -> 0 | CN16: =IFERROR(MAXIFS(DB_Logs!$B:$B, DB_Logs!$A:$A, CL$1, DB_Logs!$C:$C, $A16), "") -> 0 | CO16: =IF(OR(CP16="", CQ16=""), "", (FLOOR(CQ16, "1:00") - CEILING(CP16 - "00:10", "1:00") + (FLOOR(CQ16, "1:00") < CEILING(CP16 - "00:10", "1:00"))) * 24) -> 0 | CP16: =IFERROR(MINIFS(DB_Logs!$B:$B, DB_Logs!$A:$A, CO$1, DB_Logs!$C:$C, $A16), "") -> 0 | CQ16: =IFERROR(MAXIFS(DB_Logs!$B:$B, DB_Logs!$A:$A, CO$1, DB_Logs!$C:$C, $A16), "") -> 0
A17: Сотрудник 15 | B17: =SUMIF($2:$2, "Часы", 17:17) -> 0 | C17: =IF(OR(D17="", E17=""), "", (FLOOR(E17, "1:00") - CEILING(D17 - "00:10", "1:00") + (FLOOR(E17, "1:00") < CEILING(D17 - "00:10", "1:00"))) * 24) -> 0 | D17: =IFERROR(MINIFS(DB_Logs!$B:$B, DB_Logs!$A:$A, C$1, DB_Logs!$C:$C, $A17), "") -> 0 | E17: =IFERROR(MAXIFS(DB_Logs!$B:$B, DB_Logs!$A:$A, C$1, DB_Logs!$C:$C, $A17), "") -> 0 | F17: =IF(OR(G17="", H17=""), "", (FLOOR(H17, "1:00") - CEILING(G17 - "00:10", "1:00") + (FLOOR(H17, "1:00") < CEILING(G17 - "00:10", "1:00"))) * 24) -> 0 | G17: =IFERROR(MINIFS(DB_Logs!$B:$B, DB_Logs!$A:$A, F$1, DB_Logs!$C:$C, $A17), "") -> 0 | H17: =IFERROR(MAXIFS(DB_Logs!$B:$B, DB_Logs!$A:$A, F$1, DB_Logs!$C:$C, $A17), "") -> 0 | I17: =IF(OR(J17="", K17=""), "", (FLOOR(K17, "1:00") - CEILING(J17 - "00:10", "1:00") + (FLOOR(K17, "1:00") < CEILING(J17 - "00:10", "1:00"))) * 24) -> 0 | J17: =IFERROR(MINIFS(DB_Logs!$B:$B, DB_Logs!$A:$A, I$1, DB_Logs!$C:$C, $A17), "") -> 0 | K17: =IFERROR(MAXIFS(DB_Logs!$B:$B, DB_Logs!$A:$A, I$1, DB_Logs!$C:$C, $A17), "") -> 0 | L17: =IF(OR(M17="", N17=""), "", (FLOOR(N17, "1:00") - CEILING(M17 - "00:10", "1:00") + (FLOOR(N17, "1:00") < CEILING(M17 - "00:10", "1:00"))) * 24) -> 0 | M17: =IFERROR(MINIFS(DB_Logs!$B:$B, DB_Logs!$A:$A, L$1, DB_Logs!$C:$C, $A17), "") -> 0 | N17: =IFERROR(MAXIFS(DB_Logs!$B:$B, DB_Logs!$A:$A, L$1, DB_Logs!$C:$C, $A17), "") -> 0 | O17: =IF(OR(P17="", Q17=""), "", (FLOOR(Q17, "1:00") - CEILING(P17 - "00:10", "1:00") + (FLOOR(Q17, "1:00") < CEILING(P17 - "00:10", "1:00"))) * 24) -> 0 | P17: =IFERROR(MINIFS(DB_Logs!$B:$B, DB_Logs!$A:$A, O$1, DB_Logs!$C:$C, $A17), "") -> 0 | Q17: =IFERROR(MAXIFS(DB_Logs!$B:$B, DB_Logs!$A:$A, O$1, DB_Logs!$C:$C, $A17), "") -> 0 | R17: =IF(OR(S17="", T17=""), "", (FLOOR(T17, "1:00") - CEILING(S17 - "00:10", "1:00") + (FLOOR(T17, "1:00") < CEILING(S17 - "00:10", "1:00"))) * 24) -> 0 | S17: =IFERROR(MINIFS(DB_Logs!$B:$B, DB_Logs!$A:$A, R$1, DB_Logs!$C:$C, $A17), "") -> 0 | T17: =IFERROR(MAXIFS(DB_Logs!$B:$B, DB_Logs!$A:$A, R$1, DB_Logs!$C:$C, $A17), "") -> 0 | U17: =IF(OR(V17="", W17=""), "", (FLOOR(W17, "1:00") - CEILING(V17 - "00:10", "1:00") + (FLOOR(W17, "1:00") < CEILING(V17 - "00:10", "1:00"))) * 24) -> 0 | V17: =IFERROR(MINIFS(DB_Logs!$B:$B, DB_Logs!$A:$A, U$1, DB_Logs!$C:$C, $A17), "") -> 0 | W17: =IFERROR(MAXIFS(DB_Logs!$B:$B, DB_Logs!$A:$A, U$1, DB_Logs!$C:$C, $A17), "") -> 0 | X17: =IF(OR(Y17="", Z17=""), "", (FLOOR(Z17, "1:00") - CEILING(Y17 - "00:10", "1:00") + (FLOOR(Z17, "1:00") < CEILING(Y17 - "00:10", "1:00"))) * 24) -> 0 | Y17: =IFERROR(MINIFS(DB_Logs!$B:$B, DB_Logs!$A:$A, X$1, DB_Logs!$C:$C, $A17), "") -> 0 | Z17: =IFERROR(MAXIFS(DB_Logs!$B:$B, DB_Logs!$A:$A, X$1, DB_Logs!$C:$C, $A17), "") -> 0 | AA17: =IF(OR(AB17="", AC17=""), "", (FLOOR(AC17, "1:00") - CEILING(AB17 - "00:10", "1:00") + (FLOOR(AC17, "1:00") < CEILING(AB17 - "00:10", "1:00"))) * 24) -> 0 | AB17: =IFERROR(MINIFS(DB_Logs!$B:$B, DB_Logs!$A:$A, AA$1, DB_Logs!$C:$C, $A17), "") -> 0 | AC17: =IFERROR(MAXIFS(DB_Logs!$B:$B, DB_Logs!$A:$A, AA$1, DB_Logs!$C:$C, $A17), "") -> 0 | AD17: =IF(OR(AE17="", AF17=""), "", (FLOOR(AF17, "1:00") - CEILING(AE17 - "00:10", "1:00") + (FLOOR(AF17, "1:00") < CEILING(AE17 - "00:10", "1:00"))) * 24) -> 0 | AE17: =IFERROR(MINIFS(DB_Logs!$B:$B, DB_Logs!$A:$A, AD$1, DB_Logs!$C:$C, $A17), "") -> 0 | AF17: =IFERROR(MAXIFS(DB_Logs!$B:$B, DB_Logs!$A:$A, AD$1, DB_Logs!$C:$C, $A17), "") -> 0 | AG17: =IF(OR(AH17="", AI17=""), "", (FLOOR(AI17, "1:00") - CEILING(AH17 - "00:10", "1:00") + (FLOOR(AI17, "1:00") < CEILING(AH17 - "00:10", "1:00"))) * 24) -> 0 | AH17: =IFERROR(MINIFS(DB_Logs!$B:$B, DB_Logs!$A:$A, AG$1, DB_Logs!$C:$C, $A17), "") -> 0 | AI17: =IFERROR(MAXIFS(DB_Logs!$B:$B, DB_Logs!$A:$A, AG$1, DB_Logs!$C:$C, $A17), "") -> 0 | AJ17: =IF(OR(AK17="", AL17=""), "", (FLOOR(AL17, "1:00") - CEILING(AK17 - "00:10", "1:00") + (FLOOR(AL17, "1:00") < CEILING(AK17 - "00:10", "1:00"))) * 24) -> 0 | AK17: =IFERROR(MINIFS(DB_Logs!$B:$B, DB_Logs!$A:$A, AJ$1, DB_Logs!$C:$C, $A17), "") -> 0 | AL17: =IFERROR(MAXIFS(DB_Logs!$B:$B, DB_Logs!$A:$A, AJ$1, DB_Logs!$C:$C, $A17), "") -> 0 | AM17: =IF(OR(AN17="", AO17=""), "", (FLOOR(AO17, "1:00") - CEILING(AN17 - "00:10", "1:00") + (FLOOR(AO17, "1:00") < CEILING(AN17 - "00:10", "1:00"))) * 24) -> 0 | AN17: =IFERROR(MINIFS(DB_Logs!$B:$B, DB_Logs!$A:$A, AM$1, DB_Logs!$C:$C, $A17), "") -> 0 | AO17: =IFERROR(MAXIFS(DB_Logs!$B:$B, DB_Logs!$A:$A, AM$1, DB_Logs!$C:$C, $A17), "") -> 0 | AP17: =IF(OR(AQ17="", AR17=""), "", (FLOOR(AR17, "1:00") - CEILING(AQ17 - "00:10", "1:00") + (FLOOR(AR17, "1:00") < CEILING(AQ17 - "00:10", "1:00"))) * 24) -> 0 | AQ17: =IFERROR(MINIFS(DB_Logs!$B:$B, DB_Logs!$A:$A, AP$1, DB_Logs!$C:$C, $A17), "") -> 0 | AR17: =IFERROR(MAXIFS(DB_Logs!$B:$B, DB_Logs!$A:$A, AP$1, DB_Logs!$C:$C, $A17), "") -> 0 | AS17: =IF(OR(AT17="", AU17=""), "", (FLOOR(AU17, "1:00") - CEILING(AT17 - "00:10", "1:00") + (FLOOR(AU17, "1:00") < CEILING(AT17 - "00:10", "1:00"))) * 24) -> 0 | AT17: =IFERROR(MINIFS(DB_Logs!$B:$B, DB_Logs!$A:$A, AS$1, DB_Logs!$C:$C, $A17), "") -> 0 | AU17: =IFERROR(MAXIFS(DB_Logs!$B:$B, DB_Logs!$A:$A, AS$1, DB_Logs!$C:$C, $A17), "") -> 0 | AV17: =IF(OR(AW17="", AX17=""), "", (FLOOR(AX17, "1:00") - CEILING(AW17 - "00:10", "1:00") + (FLOOR(AX17, "1:00") < CEILING(AW17 - "00:10", "1:00"))) * 24) -> 0 | AW17: =IFERROR(MINIFS(DB_Logs!$B:$B, DB_Logs!$A:$A, AV$1, DB_Logs!$C:$C, $A17), "") -> 0 | AX17: =IFERROR(MAXIFS(DB_Logs!$B:$B, DB_Logs!$A:$A, AV$1, DB_Logs!$C:$C, $A17), "") -> 0 | AY17: =IF(OR(AZ17="", BA17=""), "", (FLOOR(BA17, "1:00") - CEILING(AZ17 - "00:10", "1:00") + (FLOOR(BA17, "1:00") < CEILING(AZ17 - "00:10", "1:00"))) * 24) -> 0 | AZ17: =IFERROR(MINIFS(DB_Logs!$B:$B, DB_Logs!$A:$A, AY$1, DB_Logs!$C:$C, $A17), "") -> 0 | BA17: =IFERROR(MAXIFS(DB_Logs!$B:$B, DB_Logs!$A:$A, AY$1, DB_Logs!$C:$C, $A17), "") -> 0 | BB17: =IF(OR(BC17="", BD17=""), "", (FLOOR(BD17, "1:00") - CEILING(BC17 - "00:10", "1:00") + (FLOOR(BD17, "1:00") < CEILING(BC17 - "00:10", "1:00"))) * 24) -> 0 | BC17: =IFERROR(MINIFS(DB_Logs!$B:$B, DB_Logs!$A:$A, BB$1, DB_Logs!$C:$C, $A17), "") -> 0 | BD17: =IFERROR(MAXIFS(DB_Logs!$B:$B, DB_Logs!$A:$A, BB$1, DB_Logs!$C:$C, $A17), "") -> 0 | BE17: =IF(OR(BF17="", BG17=""), "", (FLOOR(BG17, "1:00") - CEILING(BF17 - "00:10", "1:00") + (FLOOR(BG17, "1:00") < CEILING(BF17 - "00:10", "1:00"))) * 24) -> 0 | BF17: =IFERROR(MINIFS(DB_Logs!$B:$B, DB_Logs!$A:$A, BE$1, DB_Logs!$C:$C, $A17), "") -> 0 | BG17: =IFERROR(MAXIFS(DB_Logs!$B:$B, DB_Logs!$A:$A, BE$1, DB_Logs!$C:$C, $A17), "") -> 0 | BH17: =IF(OR(BI17="", BJ17=""), "", (FLOOR(BJ17, "1:00") - CEILING(BI17 - "00:10", "1:00") + (FLOOR(BJ17, "1:00") < CEILING(BI17 - "00:10", "1:00"))) * 24) -> 0 | BI17: =IFERROR(MINIFS(DB_Logs!$B:$B, DB_Logs!$A:$A, BH$1, DB_Logs!$C:$C, $A17), "") -> 0 | BJ17: =IFERROR(MAXIFS(DB_Logs!$B:$B, DB_Logs!$A:$A, BH$1, DB_Logs!$C:$C, $A17), "") -> 0 | BK17: =IF(OR(BL17="", BM17=""), "", (FLOOR(BM17, "1:00") - CEILING(BL17 - "00:10", "1:00") + (FLOOR(BM17, "1:00") < CEILING(BL17 - "00:10", "1:00"))) * 24) -> 0 | BL17: =IFERROR(MINIFS(DB_Logs!$B:$B, DB_Logs!$A:$A, BK$1, DB_Logs!$C:$C, $A17), "") -> 0 | BM17: =IFERROR(MAXIFS(DB_Logs!$B:$B, DB_Logs!$A:$A, BK$1, DB_Logs!$C:$C, $A17), "") -> 0 | BN17: =IF(OR(BO17="", BP17=""), "", (FLOOR(BP17, "1:00") - CEILING(BO17 - "00:10", "1:00") + (FLOOR(BP17, "1:00") < CEILING(BO17 - "00:10", "1:00"))) * 24) -> 0 | BO17: =IFERROR(MINIFS(DB_Logs!$B:$B, DB_Logs!$A:$A, BN$1, DB_Logs!$C:$C, $A17), "") -> 0 | BP17: =IFERROR(MAXIFS(DB_Logs!$B:$B, DB_Logs!$A:$A, BN$1, DB_Logs!$C:$C, $A17), "") -> 0 | BQ17: =IF(OR(BR17="", BS17=""), "", (FLOOR(BS17, "1:00") - CEILING(BR17 - "00:10", "1:00") + (FLOOR(BS17, "1:00") < CEILING(BR17 - "00:10", "1:00"))) * 24) -> 0 | BR17: =IFERROR(MINIFS(DB_Logs!$B:$B, DB_Logs!$A:$A, BQ$1, DB_Logs!$C:$C, $A17), "") -> 0 | BS17: =IFERROR(MAXIFS(DB_Logs!$B:$B, DB_Logs!$A:$A, BQ$1, DB_Logs!$C:$C, $A17), "") -> 0 | BT17: =IF(OR(BU17="", BV17=""), "", (FLOOR(BV17, "1:00") - CEILING(BU17 - "00:10", "1:00") + (FLOOR(BV17, "1:00") < CEILING(BU17 - "00:10", "1:00"))) * 24) -> 0 | BU17: =IFERROR(MINIFS(DB_Logs!$B:$B, DB_Logs!$A:$A, BT$1, DB_Logs!$C:$C, $A17), "") -> 0 | BV17: =IFERROR(MAXIFS(DB_Logs!$B:$B, DB_Logs!$A:$A, BT$1, DB_Logs!$C:$C, $A17), "") -> 0 | BW17: =IF(OR(BX17="", BY17=""), "", (FLOOR(BY17, "1:00") - CEILING(BX17 - "00:10", "1:00") + (FLOOR(BY17, "1:00") < CEILING(BX17 - "00:10", "1:00"))) * 24) -> 0 | BX17: =IFERROR(MINIFS(DB_Logs!$B:$B, DB_Logs!$A:$A, BW$1, DB_Logs!$C:$C, $A17), "") -> 0 | BY17: =IFERROR(MAXIFS(DB_Logs!$B:$B, DB_Logs!$A:$A, BW$1, DB_Logs!$C:$C, $A17), "") -> 0 | BZ17: =IF(OR(CA17="", CB17=""), "", (FLOOR(CB17, "1:00") - CEILING(CA17 - "00:10", "1:00") + (FLOOR(CB17, "1:00") < CEILING(CA17 - "00:10", "1:00"))) * 24) -> 0 | CA17: =IFERROR(MINIFS(DB_Logs!$B:$B, DB_Logs!$A:$A, BZ$1, DB_Logs!$C:$C, $A17), "") -> 0 | CB17: =IFERROR(MAXIFS(DB_Logs!$B:$B, DB_Logs!$A:$A, BZ$1, DB_Logs!$C:$C, $A17), "") -> 0 | CC17: =IF(OR(CD17="", CE17=""), "", (FLOOR(CE17, "1:00") - CEILING(CD17 - "00:10", "1:00") + (FLOOR(CE17, "1:00") < CEILING(CD17 - "00:10", "1:00"))) * 24) -> 0 | CD17: =IFERROR(MINIFS(DB_Logs!$B:$B, DB_Logs!$A:$A, CC$1, DB_Logs!$C:$C, $A17), "") -> 0 | CE17: =IFERROR(MAXIFS(DB_Logs!$B:$B, DB_Logs!$A:$A, CC$1, DB_Logs!$C:$C, $A17), "") -> 0 | CF17: =IF(OR(CG17="", CH17=""), "", (FLOOR(CH17, "1:00") - CEILING(CG17 - "00:10", "1:00") + (FLOOR(CH17, "1:00") < CEILING(CG17 - "00:10", "1:00"))) * 24) -> 0 | CG17: =IFERROR(MINIFS(DB_Logs!$B:$B, DB_Logs!$A:$A, CF$1, DB_Logs!$C:$C, $A17), "") -> 0 | CH17: =IFERROR(MAXIFS(DB_Logs!$B:$B, DB_Logs!$A:$A, CF$1, DB_Logs!$C:$C, $A17), "") -> 0 | CI17: =IF(OR(CJ17="", CK17=""), "", (FLOOR(CK17, "1:00") - CEILING(CJ17 - "00:10", "1:00") + (FLOOR(CK17, "1:00") < CEILING(CJ17 - "00:10", "1:00"))) * 24) -> 0 | CJ17: =IFERROR(MINIFS(DB_Logs!$B:$B, DB_Logs!$A:$A, CI$1, DB_Logs!$C:$C, $A17), "") -> 0 | CK17: =IFERROR(MAXIFS(DB_Logs!$B:$B, DB_Logs!$A:$A, CI$1, DB_Logs!$C:$C, $A17), "") -> 0 | CL17: =IF(OR(CM17="", CN17=""), "", (FLOOR(CN17, "1:00") - CEILING(CM17 - "00:10", "1:00") + (FLOOR(CN17, "1:00") < CEILING(CM17 - "00:10", "1:00"))) * 24) -> 0 | CM17: =IFERROR(MINIFS(DB_Logs!$B:$B, DB_Logs!$A:$A, CL$1, DB_Logs!$C:$C, $A17), "") -> 0 | CN17: =IFERROR(MAXIFS(DB_Logs!$B:$B, DB_Logs!$A:$A, CL$1, DB_Logs!$C:$C, $A17), "") -> 0 | CO17: =IF(OR(CP17="", CQ17=""), "", (FLOOR(CQ17, "1:00") - CEILING(CP17 - "00:10", "1:00") + (FLOOR(CQ17, "1:00") < CEILING(CP17 - "00:10", "1:00"))) * 24) -> 0 | CP17: =IFERROR(MINIFS(DB_Logs!$B:$B, DB_Logs!$A:$A, CO$1, DB_Logs!$C:$C, $A17), "") -> 0 | CQ17: =IFERROR(MAXIFS(DB_Logs!$B:$B, DB_Logs!$A:$A, CO$1, DB_Logs!$C:$C, $A17), "") -> 0
A18: Сотрудник 16 | B18: =SUMIF($2:$2, "Часы", 18:18) -> 0 | C18: =IF(OR(D18="", E18=""), "", (FLOOR(E18, "1:00") - CEILING(D18 - "00:10", "1:00") + (FLOOR(E18, "1:00") < CEILING(D18 - "00:10", "1:00"))) * 24) -> 0 | D18: =IFERROR(MINIFS(DB_Logs!$B:$B, DB_Logs!$A:$A, C$1, DB_Logs!$C:$C, $A18), "") -> 0 | E18: =IFERROR(MAXIFS(DB_Logs!$B:$B, DB_Logs!$A:$A, C$1, DB_Logs!$C:$C, $A18), "") -> 0 | F18: =IF(OR(G18="", H18=""), "", (FLOOR(H18, "1:00") - CEILING(G18 - "00:10", "1:00") + (FLOOR(H18, "1:00") < CEILING(G18 - "00:10", "1:00"))) * 24) -> 0 | G18: =IFERROR(MINIFS(DB_Logs!$B:$B, DB_Logs!$A:$A, F$1, DB_Logs!$C:$C, $A18), "") -> 0 | H18: =IFERROR(MAXIFS(DB_Logs!$B:$B, DB_Logs!$A:$A, F$1, DB_Logs!$C:$C, $A18), "") -> 0 | I18: =IF(OR(J18="", K18=""), "", (FLOOR(K18, "1:00") - CEILING(J18 - "00:10", "1:00") + (FLOOR(K18, "1:00") < CEILING(J18 - "00:10", "1:00"))) * 24) -> 0 | J18: =IFERROR(MINIFS(DB_Logs!$B:$B, DB_Logs!$A:$A, I$1, DB_Logs!$C:$C, $A18), "") -> 0 | K18: =IFERROR(MAXIFS(DB_Logs!$B:$B, DB_Logs!$A:$A, I$1, DB_Logs!$C:$C, $A18), "") -> 0 | L18: =IF(OR(M18="", N18=""), "", (FLOOR(N18, "1:00") - CEILING(M18 - "00:10", "1:00") + (FLOOR(N18, "1:00") < CEILING(M18 - "00:10", "1:00"))) * 24) -> 0 | M18: =IFERROR(MINIFS(DB_Logs!$B:$B, DB_Logs!$A:$A, L$1, DB_Logs!$C:$C, $A18), "") -> 0 | N18: =IFERROR(MAXIFS(DB_Logs!$B:$B, DB_Logs!$A:$A, L$1, DB_Logs!$C:$C, $A18), "") -> 0 | O18: =IF(OR(P18="", Q18=""), "", (FLOOR(Q18, "1:00") - CEILING(P18 - "00:10", "1:00") + (FLOOR(Q18, "1:00") < CEILING(P18 - "00:10", "1:00"))) * 24) -> 0 | P18: =IFERROR(MINIFS(DB_Logs!$B:$B, DB_Logs!$A:$A, O$1, DB_Logs!$C:$C, $A18), "") -> 0 | Q18: =IFERROR(MAXIFS(DB_Logs!$B:$B, DB_Logs!$A:$A, O$1, DB_Logs!$C:$C, $A18), "") -> 0 | R18: =IF(OR(S18="", T18=""), "", (FLOOR(T18, "1:00") - CEILING(S18 - "00:10", "1:00") + (FLOOR(T18, "1:00") < CEILING(S18 - "00:10", "1:00"))) * 24) -> 0 | S18: =IFERROR(MINIFS(DB_Logs!$B:$B, DB_Logs!$A:$A, R$1, DB_Logs!$C:$C, $A18), "") -> 0 | T18: =IFERROR(MAXIFS(DB_Logs!$B:$B, DB_Logs!$A:$A, R$1, DB_Logs!$C:$C, $A18), "") -> 0 | U18: =IF(OR(V18="", W18=""), "", (FLOOR(W18, "1:00") - CEILING(V18 - "00:10", "1:00") + (FLOOR(W18, "1:00") < CEILING(V18 - "00:10", "1:00"))) * 24) -> 0 | V18: =IFERROR(MINIFS(DB_Logs!$B:$B, DB_Logs!$A:$A, U$1, DB_Logs!$C:$C, $A18), "") -> 0 | W18: =IFERROR(MAXIFS(DB_Logs!$B:$B, DB_Logs!$A:$A, U$1, DB_Logs!$C:$C, $A18), "") -> 0 | X18: =IF(OR(Y18="", Z18=""), "", (FLOOR(Z18, "1:00") - CEILING(Y18 - "00:10", "1:00") + (FLOOR(Z18, "1:00") < CEILING(Y18 - "00:10", "1:00"))) * 24) -> 0 | Y18: =IFERROR(MINIFS(DB_Logs!$B:$B, DB_Logs!$A:$A, X$1, DB_Logs!$C:$C, $A18), "") -> 0 | Z18: =IFERROR(MAXIFS(DB_Logs!$B:$B, DB_Logs!$A:$A, X$1, DB_Logs!$C:$C, $A18), "") -> 0 | AA18: =IF(OR(AB18="", AC18=""), "", (FLOOR(AC18, "1:00") - CEILING(AB18 - "00:10", "1:00") + (FLOOR(AC18, "1:00") < CEILING(AB18 - "00:10", "1:00"))) * 24) -> 0 | AB18: =IFERROR(MINIFS(DB_Logs!$B:$B, DB_Logs!$A:$A, AA$1, DB_Logs!$C:$C, $A18), "") -> 0 | AC18: =IFERROR(MAXIFS(DB_Logs!$B:$B, DB_Logs!$A:$A, AA$1, DB_Logs!$C:$C, $A18), "") -> 0 | AD18: =IF(OR(AE18="", AF18=""), "", (FLOOR(AF18, "1:00") - CEILING(AE18 - "00:10", "1:00") + (FLOOR(AF18, "1:00") < CEILING(AE18 - "00:10", "1:00"))) * 24) -> 0 | AE18: =IFERROR(MINIFS(DB_Logs!$B:$B, DB_Logs!$A:$A, AD$1, DB_Logs!$C:$C, $A18), "") -> 0 | AF18: =IFERROR(MAXIFS(DB_Logs!$B:$B, DB_Logs!$A:$A, AD$1, DB_Logs!$C:$C, $A18), "") -> 0 | AG18: =IF(OR(AH18="", AI18=""), "", (FLOOR(AI18, "1:00") - CEILING(AH18 - "00:10", "1:00") + (FLOOR(AI18, "1:00") < CEILING(AH18 - "00:10", "1:00"))) * 24) -> 0 | AH18: =IFERROR(MINIFS(DB_Logs!$B:$B, DB_Logs!$A:$A, AG$1, DB_Logs!$C:$C, $A18), "") -> 0 | AI18: =IFERROR(MAXIFS(DB_Logs!$B:$B, DB_Logs!$A:$A, AG$1, DB_Logs!$C:$C, $A18), "") -> 0 | AJ18: =IF(OR(AK18="", AL18=""), "", (FLOOR(AL18, "1:00") - CEILING(AK18 - "00:10", "1:00") + (FLOOR(AL18, "1:00") < CEILING(AK18 - "00:10", "1:00"))) * 24) -> 0 | AK18: =IFERROR(MINIFS(DB_Logs!$B:$B, DB_Logs!$A:$A, AJ$1, DB_Logs!$C:$C, $A18), "") -> 0 | AL18: =IFERROR(MAXIFS(DB_Logs!$B:$B, DB_Logs!$A:$A, AJ$1, DB_Logs!$C:$C, $A18), "") -> 0 | AM18: =IF(OR(AN18="", AO18=""), "", (FLOOR(AO18, "1:00") - CEILING(AN18 - "00:10", "1:00") + (FLOOR(AO18, "1:00") < CEILING(AN18 - "00:10", "1:00"))) * 24) -> 0 | AN18: =IFERROR(MINIFS(DB_Logs!$B:$B, DB_Logs!$A:$A, AM$1, DB_Logs!$C:$C, $A18), "") -> 0 | AO18: =IFERROR(MAXIFS(DB_Logs!$B:$B, DB_Logs!$A:$A, AM$1, DB_Logs!$C:$C, $A18), "") -> 0 | AP18: =IF(OR(AQ18="", AR18=""), "", (FLOOR(AR18, "1:00") - CEILING(AQ18 - "00:10", "1:00") + (FLOOR(AR18, "1:00") < CEILING(AQ18 - "00:10", "1:00"))) * 24) -> 0 | AQ18: =IFERROR(MINIFS(DB_Logs!$B:$B, DB_Logs!$A:$A, AP$1, DB_Logs!$C:$C, $A18), "") -> 0 | AR18: =IFERROR(MAXIFS(DB_Logs!$B:$B, DB_Logs!$A:$A, AP$1, DB_Logs!$C:$C, $A18), "") -> 0 | AS18: =IF(OR(AT18="", AU18=""), "", (FLOOR(AU18, "1:00") - CEILING(AT18 - "00:10", "1:00") + (FLOOR(AU18, "1:00") < CEILING(AT18 - "00:10", "1:00"))) * 24) -> 0 | AT18: =IFERROR(MINIFS(DB_Logs!$B:$B, DB_Logs!$A:$A, AS$1, DB_Logs!$C:$C, $A18), "") -> 0 | AU18: =IFERROR(MAXIFS(DB_Logs!$B:$B, DB_Logs!$A:$A, AS$1, DB_Logs!$C:$C, $A18), "") -> 0 | AV18: =IF(OR(AW18="", AX18=""), "", (FLOOR(AX18, "1:00") - CEILING(AW18 - "00:10", "1:00") + (FLOOR(AX18, "1:00") < CEILING(AW18 - "00:10", "1:00"))) * 24) -> 0 | AW18: =IFERROR(MINIFS(DB_Logs!$B:$B, DB_Logs!$A:$A, AV$1, DB_Logs!$C:$C, $A18), "") -> 0 | AX18: =IFERROR(MAXIFS(DB_Logs!$B:$B, DB_Logs!$A:$A, AV$1, DB_Logs!$C:$C, $A18), "") -> 0 | AY18: =IF(OR(AZ18="", BA18=""), "", (FLOOR(BA18, "1:00") - CEILING(AZ18 - "00:10", "1:00") + (FLOOR(BA18, "1:00") < CEILING(AZ18 - "00:10", "1:00"))) * 24) -> 0 | AZ18: =IFERROR(MINIFS(DB_Logs!$B:$B, DB_Logs!$A:$A, AY$1, DB_Logs!$C:$C, $A18), "") -> 0 | BA18: =IFERROR(MAXIFS(DB_Logs!$B:$B, DB_Logs!$A:$A, AY$1, DB_Logs!$C:$C, $A18), "") -> 0 | BB18: =IF(OR(BC18="", BD18=""), "", (FLOOR(BD18, "1:00") - CEILING(BC18 - "00:10", "1:00") + (FLOOR(BD18, "1:00") < CEILING(BC18 - "00:10", "1:00"))) * 24) -> 0 | BC18: =IFERROR(MINIFS(DB_Logs!$B:$B, DB_Logs!$A:$A, BB$1, DB_Logs!$C:$C, $A18), "") -> 0 | BD18: =IFERROR(MAXIFS(DB_Logs!$B:$B, DB_Logs!$A:$A, BB$1, DB_Logs!$C:$C, $A18), "") -> 0 | BE18: =IF(OR(BF18="", BG18=""), "", (FLOOR(BG18, "1:00") - CEILING(BF18 - "00:10", "1:00") + (FLOOR(BG18, "1:00") < CEILING(BF18 - "00:10", "1:00"))) * 24) -> 0 | BF18: =IFERROR(MINIFS(DB_Logs!$B:$B, DB_Logs!$A:$A, BE$1, DB_Logs!$C:$C, $A18), "") -> 0 | BG18: =IFERROR(MAXIFS(DB_Logs!$B:$B, DB_Logs!$A:$A, BE$1, DB_Logs!$C:$C, $A18), "") -> 0 | BH18: =IF(OR(BI18="", BJ18=""), "", (FLOOR(BJ18, "1:00") - CEILING(BI18 - "00:10", "1:00") + (FLOOR(BJ18, "1:00") < CEILING(BI18 - "00:10", "1:00"))) * 24) -> 0 | BI18: =IFERROR(MINIFS(DB_Logs!$B:$B, DB_Logs!$A:$A, BH$1, DB_Logs!$C:$C, $A18), "") -> 0 | BJ18: =IFERROR(MAXIFS(DB_Logs!$B:$B, DB_Logs!$A:$A, BH$1, DB_Logs!$C:$C, $A18), "") -> 0 | BK18: =IF(OR(BL18="", BM18=""), "", (FLOOR(BM18, "1:00") - CEILING(BL18 - "00:10", "1:00") + (FLOOR(BM18, "1:00") < CEILING(BL18 - "00:10", "1:00"))) * 24) -> 0 | BL18: =IFERROR(MINIFS(DB_Logs!$B:$B, DB_Logs!$A:$A, BK$1, DB_Logs!$C:$C, $A18), "") -> 0 | BM18: =IFERROR(MAXIFS(DB_Logs!$B:$B, DB_Logs!$A:$A, BK$1, DB_Logs!$C:$C, $A18), "") -> 0 | BN18: =IF(OR(BO18="", BP18=""), "", (FLOOR(BP18, "1:00") - CEILING(BO18 - "00:10", "1:00") + (FLOOR(BP18, "1:00") < CEILING(BO18 - "00:10", "1:00"))) * 24) -> 0 | BO18: =IFERROR(MINIFS(DB_Logs!$B:$B, DB_Logs!$A:$A, BN$1, DB_Logs!$C:$C, $A18), "") -> 0 | BP18: =IFERROR(MAXIFS(DB_Logs!$B:$B, DB_Logs!$A:$A, BN$1, DB_Logs!$C:$C, $A18), "") -> 0 | BQ18: =IF(OR(BR18="", BS18=""), "", (FLOOR(BS18, "1:00") - CEILING(BR18 - "00:10", "1:00") + (FLOOR(BS18, "1:00") < CEILING(BR18 - "00:10", "1:00"))) * 24) -> 0 | BR18: =IFERROR(MINIFS(DB_Logs!$B:$B, DB_Logs!$A:$A, BQ$1, DB_Logs!$C:$C, $A18), "") -> 0 | BS18: =IFERROR(MAXIFS(DB_Logs!$B:$B, DB_Logs!$A:$A, BQ$1, DB_Logs!$C:$C, $A18), "") -> 0 | BT18: =IF(OR(BU18="", BV18=""), "", (FLOOR(BV18, "1:00") - CEILING(BU18 - "00:10", "1:00") + (FLOOR(BV18, "1:00") < CEILING(BU18 - "00:10", "1:00"))) * 24) -> 0 | BU18: =IFERROR(MINIFS(DB_Logs!$B:$B, DB_Logs!$A:$A, BT$1, DB_Logs!$C:$C, $A18), "") -> 0 | BV18: =IFERROR(MAXIFS(DB_Logs!$B:$B, DB_Logs!$A:$A, BT$1, DB_Logs!$C:$C, $A18), "") -> 0 | BW18: =IF(OR(BX18="", BY18=""), "", (FLOOR(BY18, "1:00") - CEILING(BX18 - "00:10", "1:00") + (FLOOR(BY18, "1:00") < CEILING(BX18 - "00:10", "1:00"))) * 24) -> 0 | BX18: =IFERROR(MINIFS(DB_Logs!$B:$B, DB_Logs!$A:$A, BW$1, DB_Logs!$C:$C, $A18), "") -> 0 | BY18: =IFERROR(MAXIFS(DB_Logs!$B:$B, DB_Logs!$A:$A, BW$1, DB_Logs!$C:$C, $A18), "") -> 0 | BZ18: =IF(OR(CA18="", CB18=""), "", (FLOOR(CB18, "1:00") - CEILING(CA18 - "00:10", "1:00") + (FLOOR(CB18, "1:00") < CEILING(CA18 - "00:10", "1:00"))) * 24) -> 0 | CA18: =IFERROR(MINIFS(DB_Logs!$B:$B, DB_Logs!$A:$A, BZ$1, DB_Logs!$C:$C, $A18), "") -> 0 | CB18: =IFERROR(MAXIFS(DB_Logs!$B:$B, DB_Logs!$A:$A, BZ$1, DB_Logs!$C:$C, $A18), "") -> 0 | CC18: =IF(OR(CD18="", CE18=""), "", (FLOOR(CE18, "1:00") - CEILING(CD18 - "00:10", "1:00") + (FLOOR(CE18, "1:00") < CEILING(CD18 - "00:10", "1:00"))) * 24) -> 0 | CD18: =IFERROR(MINIFS(DB_Logs!$B:$B, DB_Logs!$A:$A, CC$1, DB_Logs!$C:$C, $A18), "") -> 0 | CE18: =IFERROR(MAXIFS(DB_Logs!$B:$B, DB_Logs!$A:$A, CC$1, DB_Logs!$C:$C, $A18), "") -> 0 | CF18: =IF(OR(CG18="", CH18=""), "", (FLOOR(CH18, "1:00") - CEILING(CG18 - "00:10", "1:00") + (FLOOR(CH18, "1:00") < CEILING(CG18 - "00:10", "1:00"))) * 24) -> 0 | CG18: =IFERROR(MINIFS(DB_Logs!$B:$B, DB_Logs!$A:$A, CF$1, DB_Logs!$C:$C, $A18), "") -> 0 | CH18: =IFERROR(MAXIFS(DB_Logs!$B:$B, DB_Logs!$A:$A, CF$1, DB_Logs!$C:$C, $A18), "") -> 0 | CI18: =IF(OR(CJ18="", CK18=""), "", (FLOOR(CK18, "1:00") - CEILING(CJ18 - "00:10", "1:00") + (FLOOR(CK18, "1:00") < CEILING(CJ18 - "00:10", "1:00"))) * 24) -> 0 | CJ18: =IFERROR(MINIFS(DB_Logs!$B:$B, DB_Logs!$A:$A, CI$1, DB_Logs!$C:$C, $A18), "") -> 0 | CK18: =IFERROR(MAXIFS(DB_Logs!$B:$B, DB_Logs!$A:$A, CI$1, DB_Logs!$C:$C, $A18), "") -> 0 | CL18: =IF(OR(CM18="", CN18=""), "", (FLOOR(CN18, "1:00") - CEILING(CM18 - "00:10", "1:00") + (FLOOR(CN18, "1:00") < CEILING(CM18 - "00:10", "1:00"))) * 24) -> 0 | CM18: =IFERROR(MINIFS(DB_Logs!$B:$B, DB_Logs!$A:$A, CL$1, DB_Logs!$C:$C, $A18), "") -> 0 | CN18: =IFERROR(MAXIFS(DB_Logs!$B:$B, DB_Logs!$A:$A, CL$1, DB_Logs!$C:$C, $A18), "") -> 0 | CO18: =IF(OR(CP18="", CQ18=""), "", (FLOOR(CQ18, "1:00") - CEILING(CP18 - "00:10", "1:00") + (FLOOR(CQ18, "1:00") < CEILING(CP18 - "00:10", "1:00"))) * 24) -> 0 | CP18: =IFERROR(MINIFS(DB_Logs!$B:$B, DB_Logs!$A:$A, CO$1, DB_Logs!$C:$C, $A18), "") -> 0 | CQ18: =IFERROR(MAXIFS(DB_Logs!$B:$B, DB_Logs!$A:$A, CO$1, DB_Logs!$C:$C, $A18), "") -> 0
A19: Сотрудник 17 | B19: =SUMIF($2:$2, "Часы", 19:19) -> 0 | C19: =IF(OR(D19="", E19=""), "", (FLOOR(E19, "1:00") - CEILING(D19 - "00:10", "1:00") + (FLOOR(E19, "1:00") < CEILING(D19 - "00:10", "1:00"))) * 24) -> 0 | D19: =IFERROR(MINIFS(DB_Logs!$B:$B, DB_Logs!$A:$A, C$1, DB_Logs!$C:$C, $A19), "") -> 0 | E19: =IFERROR(MAXIFS(DB_Logs!$B:$B, DB_Logs!$A:$A, C$1, DB_Logs!$C:$C, $A19), "") -> 0 | F19: =IF(OR(G19="", H19=""), "", (FLOOR(H19, "1:00") - CEILING(G19 - "00:10", "1:00") + (FLOOR(H19, "1:00") < CEILING(G19 - "00:10", "1:00"))) * 24) -> 0 | G19: =IFERROR(MINIFS(DB_Logs!$B:$B, DB_Logs!$A:$A, F$1, DB_Logs!$C:$C, $A19), "") -> 0 | H19: =IFERROR(MAXIFS(DB_Logs!$B:$B, DB_Logs!$A:$A, F$1, DB_Logs!$C:$C, $A19), "") -> 0 | I19: =IF(OR(J19="", K19=""), "", (FLOOR(K19, "1:00") - CEILING(J19 - "00:10", "1:00") + (FLOOR(K19, "1:00") < CEILING(J19 - "00:10", "1:00"))) * 24) -> 0 | J19: =IFERROR(MINIFS(DB_Logs!$B:$B, DB_Logs!$A:$A, I$1, DB_Logs!$C:$C, $A19), "") -> 0 | K19: =IFERROR(MAXIFS(DB_Logs!$B:$B, DB_Logs!$A:$A, I$1, DB_Logs!$C:$C, $A19), "") -> 0 | L19: =IF(OR(M19="", N19=""), "", (FLOOR(N19, "1:00") - CEILING(M19 - "00:10", "1:00") + (FLOOR(N19, "1:00") < CEILING(M19 - "00:10", "1:00"))) * 24) -> 0 | M19: =IFERROR(MINIFS(DB_Logs!$B:$B, DB_Logs!$A:$A, L$1, DB_Logs!$C:$C, $A19), "") -> 0 | N19: =IFERROR(MAXIFS(DB_Logs!$B:$B, DB_Logs!$A:$A, L$1, DB_Logs!$C:$C, $A19), "") -> 0 | O19: =IF(OR(P19="", Q19=""), "", (FLOOR(Q19, "1:00") - CEILING(P19 - "00:10", "1:00") + (FLOOR(Q19, "1:00") < CEILING(P19 - "00:10", "1:00"))) * 24) -> 0 | P19: =IFERROR(MINIFS(DB_Logs!$B:$B, DB_Logs!$A:$A, O$1, DB_Logs!$C:$C, $A19), "") -> 0 | Q19: =IFERROR(MAXIFS(DB_Logs!$B:$B, DB_Logs!$A:$A, O$1, DB_Logs!$C:$C, $A19), "") -> 0 | R19: =IF(OR(S19="", T19=""), "", (FLOOR(T19, "1:00") - CEILING(S19 - "00:10", "1:00") + (FLOOR(T19, "1:00") < CEILING(S19 - "00:10", "1:00"))) * 24) -> 0 | S19: =IFERROR(MINIFS(DB_Logs!$B:$B, DB_Logs!$A:$A, R$1, DB_Logs!$C:$C, $A19), "") -> 0 | T19: =IFERROR(MAXIFS(DB_Logs!$B:$B, DB_Logs!$A:$A, R$1, DB_Logs!$C:$C, $A19), "") -> 0 | U19: =IF(OR(V19="", W19=""), "", (FLOOR(W19, "1:00") - CEILING(V19 - "00:10", "1:00") + (FLOOR(W19, "1:00") < CEILING(V19 - "00:10", "1:00"))) * 24) -> 0 | V19: =IFERROR(MINIFS(DB_Logs!$B:$B, DB_Logs!$A:$A, U$1, DB_Logs!$C:$C, $A19), "") -> 0 | W19: =IFERROR(MAXIFS(DB_Logs!$B:$B, DB_Logs!$A:$A, U$1, DB_Logs!$C:$C, $A19), "") -> 0 | X19: =IF(OR(Y19="", Z19=""), "", (FLOOR(Z19, "1:00") - CEILING(Y19 - "00:10", "1:00") + (FLOOR(Z19, "1:00") < CEILING(Y19 - "00:10", "1:00"))) * 24) -> 0 | Y19: =IFERROR(MINIFS(DB_Logs!$B:$B, DB_Logs!$A:$A, X$1, DB_Logs!$C:$C, $A19), "") -> 0 | Z19: =IFERROR(MAXIFS(DB_Logs!$B:$B, DB_Logs!$A:$A, X$1, DB_Logs!$C:$C, $A19), "") -> 0 | AA19: =IF(OR(AB19="", AC19=""), "", (FLOOR(AC19, "1:00") - CEILING(AB19 - "00:10", "1:00") + (FLOOR(AC19, "1:00") < CEILING(AB19 - "00:10", "1:00"))) * 24) -> 0 | AB19: =IFERROR(MINIFS(DB_Logs!$B:$B, DB_Logs!$A:$A, AA$1, DB_Logs!$C:$C, $A19), "") -> 0 | AC19: =IFERROR(MAXIFS(DB_Logs!$B:$B, DB_Logs!$A:$A, AA$1, DB_Logs!$C:$C, $A19), "") -> 0 | AD19: =IF(OR(AE19="", AF19=""), "", (FLOOR(AF19, "1:00") - CEILING(AE19 - "00:10", "1:00") + (FLOOR(AF19, "1:00") < CEILING(AE19 - "00:10", "1:00"))) * 24) -> 0 | AE19: =IFERROR(MINIFS(DB_Logs!$B:$B, DB_Logs!$A:$A, AD$1, DB_Logs!$C:$C, $A19), "") -> 0 | AF19: =IFERROR(MAXIFS(DB_Logs!$B:$B, DB_Logs!$A:$A, AD$1, DB_Logs!$C:$C, $A19), "") -> 0 | AG19: =IF(OR(AH19="", AI19=""), "", (FLOOR(AI19, "1:00") - CEILING(AH19 - "00:10", "1:00") + (FLOOR(AI19, "1:00") < CEILING(AH19 - "00:10", "1:00"))) * 24) -> 0 | AH19: =IFERROR(MINIFS(DB_Logs!$B:$B, DB_Logs!$A:$A, AG$1, DB_Logs!$C:$C, $A19), "") -> 0 | AI19: =IFERROR(MAXIFS(DB_Logs!$B:$B, DB_Logs!$A:$A, AG$1, DB_Logs!$C:$C, $A19), "") -> 0 | AJ19: =IF(OR(AK19="", AL19=""), "", (FLOOR(AL19, "1:00") - CEILING(AK19 - "00:10", "1:00") + (FLOOR(AL19, "1:00") < CEILING(AK19 - "00:10", "1:00"))) * 24) -> 0 | AK19: =IFERROR(MINIFS(DB_Logs!$B:$B, DB_Logs!$A:$A, AJ$1, DB_Logs!$C:$C, $A19), "") -> 0 | AL19: =IFERROR(MAXIFS(DB_Logs!$B:$B, DB_Logs!$A:$A, AJ$1, DB_Logs!$C:$C, $A19), "") -> 0 | AM19: =IF(OR(AN19="", AO19=""), "", (FLOOR(AO19, "1:00") - CEILING(AN19 - "00:10", "1:00") + (FLOOR(AO19, "1:00") < CEILING(AN19 - "00:10", "1:00"))) * 24) -> 0 | AN19: =IFERROR(MINIFS(DB_Logs!$B:$B, DB_Logs!$A:$A, AM$1, DB_Logs!$C:$C, $A19), "") -> 0 | AO19: =IFERROR(MAXIFS(DB_Logs!$B:$B, DB_Logs!$A:$A, AM$1, DB_Logs!$C:$C, $A19), "") -> 0 | AP19: =IF(OR(AQ19="", AR19=""), "", (FLOOR(AR19, "1:00") - CEILING(AQ19 - "00:10", "1:00") + (FLOOR(AR19, "1:00") < CEILING(AQ19 - "00:10", "1:00"))) * 24) -> 0 | AQ19: =IFERROR(MINIFS(DB_Logs!$B:$B, DB_Logs!$A:$A, AP$1, DB_Logs!$C:$C, $A19), "") -> 0 | AR19: =IFERROR(MAXIFS(DB_Logs!$B:$B, DB_Logs!$A:$A, AP$1, DB_Logs!$C:$C, $A19), "") -> 0 | AS19: =IF(OR(AT19="", AU19=""), "", (FLOOR(AU19, "1:00") - CEILING(AT19 - "00:10", "1:00") + (FLOOR(AU19, "1:00") < CEILING(AT19 - "00:10", "1:00"))) * 24) -> 0 | AT19: =IFERROR(MINIFS(DB_Logs!$B:$B, DB_Logs!$A:$A, AS$1, DB_Logs!$C:$C, $A19), "") -> 0 | AU19: =IFERROR(MAXIFS(DB_Logs!$B:$B, DB_Logs!$A:$A, AS$1, DB_Logs!$C:$C, $A19), "") -> 0 | AV19: =IF(OR(AW19="", AX19=""), "", (FLOOR(AX19, "1:00") - CEILING(AW19 - "00:10", "1:00") + (FLOOR(AX19, "1:00") < CEILING(AW19 - "00:10", "1:00"))) * 24) -> 0 | AW19: =IFERROR(MINIFS(DB_Logs!$B:$B, DB_Logs!$A:$A, AV$1, DB_Logs!$C:$C, $A19), "") -> 0 | AX19: =IFERROR(MAXIFS(DB_Logs!$B:$B, DB_Logs!$A:$A, AV$1, DB_Logs!$C:$C, $A19), "") -> 0 | AY19: =IF(OR(AZ19="", BA19=""), "", (FLOOR(BA19, "1:00") - CEILING(AZ19 - "00:10", "1:00") + (FLOOR(BA19, "1:00") < CEILING(AZ19 - "00:10", "1:00"))) * 24) -> 0 | AZ19: =IFERROR(MINIFS(DB_Logs!$B:$B, DB_Logs!$A:$A, AY$1, DB_Logs!$C:$C, $A19), "") -> 0 | BA19: =IFERROR(MAXIFS(DB_Logs!$B:$B, DB_Logs!$A:$A, AY$1, DB_Logs!$C:$C, $A19), "") -> 0 | BB19: =IF(OR(BC19="", BD19=""), "", (FLOOR(BD19, "1:00") - CEILING(BC19 - "00:10", "1:00") + (FLOOR(BD19, "1:00") < CEILING(BC19 - "00:10", "1:00"))) * 24) -> 0 | BC19: =IFERROR(MINIFS(DB_Logs!$B:$B, DB_Logs!$A:$A, BB$1, DB_Logs!$C:$C, $A19), "") -> 0 | BD19: =IFERROR(MAXIFS(DB_Logs!$B:$B, DB_Logs!$A:$A, BB$1, DB_Logs!$C:$C, $A19), "") -> 0 | BE19: =IF(OR(BF19="", BG19=""), "", (FLOOR(BG19, "1:00") - CEILING(BF19 - "00:10", "1:00") + (FLOOR(BG19, "1:00") < CEILING(BF19 - "00:10", "1:00"))) * 24) -> 0 | BF19: =IFERROR(MINIFS(DB_Logs!$B:$B, DB_Logs!$A:$A, BE$1, DB_Logs!$C:$C, $A19), "") -> 0 | BG19: =IFERROR(MAXIFS(DB_Logs!$B:$B, DB_Logs!$A:$A, BE$1, DB_Logs!$C:$C, $A19), "") -> 0 | BH19: =IF(OR(BI19="", BJ19=""), "", (FLOOR(BJ19, "1:00") - CEILING(BI19 - "00:10", "1:00") + (FLOOR(BJ19, "1:00") < CEILING(BI19 - "00:10", "1:00"))) * 24) -> 0 | BI19: =IFERROR(MINIFS(DB_Logs!$B:$B, DB_Logs!$A:$A, BH$1, DB_Logs!$C:$C, $A19), "") -> 0 | BJ19: =IFERROR(MAXIFS(DB_Logs!$B:$B, DB_Logs!$A:$A, BH$1, DB_Logs!$C:$C, $A19), "") -> 0 | BK19: =IF(OR(BL19="", BM19=""), "", (FLOOR(BM19, "1:00") - CEILING(BL19 - "00:10", "1:00") + (FLOOR(BM19, "1:00") < CEILING(BL19 - "00:10", "1:00"))) * 24) -> 0 | BL19: =IFERROR(MINIFS(DB_Logs!$B:$B, DB_Logs!$A:$A, BK$1, DB_Logs!$C:$C, $A19), "") -> 0 | BM19: =IFERROR(MAXIFS(DB_Logs!$B:$B, DB_Logs!$A:$A, BK$1, DB_Logs!$C:$C, $A19), "") -> 0 | BN19: =IF(OR(BO19="", BP19=""), "", (FLOOR(BP19, "1:00") - CEILING(BO19 - "00:10", "1:00") + (FLOOR(BP19, "1:00") < CEILING(BO19 - "00:10", "1:00"))) * 24) -> 0 | BO19: =IFERROR(MINIFS(DB_Logs!$B:$B, DB_Logs!$A:$A, BN$1, DB_Logs!$C:$C, $A19), "") -> 0 | BP19: =IFERROR(MAXIFS(DB_Logs!$B:$B, DB_Logs!$A:$A, BN$1, DB_Logs!$C:$C, $A19), "") -> 0 | BQ19: =IF(OR(BR19="", BS19=""), "", (FLOOR(BS19, "1:00") - CEILING(BR19 - "00:10", "1:00") + (FLOOR(BS19, "1:00") < CEILING(BR19 - "00:10", "1:00"))) * 24) -> 0 | BR19: =IFERROR(MINIFS(DB_Logs!$B:$B, DB_Logs!$A:$A, BQ$1, DB_Logs!$C:$C, $A19), "") -> 0 | BS19: =IFERROR(MAXIFS(DB_Logs!$B:$B, DB_Logs!$A:$A, BQ$1, DB_Logs!$C:$C, $A19), "") -> 0 | BT19: =IF(OR(BU19="", BV19=""), "", (FLOOR(BV19, "1:00") - CEILING(BU19 - "00:10", "1:00") + (FLOOR(BV19, "1:00") < CEILING(BU19 - "00:10", "1:00"))) * 24) -> 0 | BU19: =IFERROR(MINIFS(DB_Logs!$B:$B, DB_Logs!$A:$A, BT$1, DB_Logs!$C:$C, $A19), "") -> 0 | BV19: =IFERROR(MAXIFS(DB_Logs!$B:$B, DB_Logs!$A:$A, BT$1, DB_Logs!$C:$C, $A19), "") -> 0 | BW19: =IF(OR(BX19="", BY19=""), "", (FLOOR(BY19, "1:00") - CEILING(BX19 - "00:10", "1:00") + (FLOOR(BY19, "1:00") < CEILING(BX19 - "00:10", "1:00"))) * 24) -> 0 | BX19: =IFERROR(MINIFS(DB_Logs!$B:$B, DB_Logs!$A:$A, BW$1, DB_Logs!$C:$C, $A19), "") -> 0 | BY19: =IFERROR(MAXIFS(DB_Logs!$B:$B, DB_Logs!$A:$A, BW$1, DB_Logs!$C:$C, $A19), "") -> 0 | BZ19: =IF(OR(CA19="", CB19=""), "", (FLOOR(CB19, "1:00") - CEILING(CA19 - "00:10", "1:00") + (FLOOR(CB19, "1:00") < CEILING(CA19 - "00:10", "1:00"))) * 24) -> 0 | CA19: =IFERROR(MINIFS(DB_Logs!$B:$B, DB_Logs!$A:$A, BZ$1, DB_Logs!$C:$C, $A19), "") -> 0 | CB19: =IFERROR(MAXIFS(DB_Logs!$B:$B, DB_Logs!$A:$A, BZ$1, DB_Logs!$C:$C, $A19), "") -> 0 | CC19: =IF(OR(CD19="", CE19=""), "", (FLOOR(CE19, "1:00") - CEILING(CD19 - "00:10", "1:00") + (FLOOR(CE19, "1:00") < CEILING(CD19 - "00:10", "1:00"))) * 24) -> 0 | CD19: =IFERROR(MINIFS(DB_Logs!$B:$B, DB_Logs!$A:$A, CC$1, DB_Logs!$C:$C, $A19), "") -> 0 | CE19: =IFERROR(MAXIFS(DB_Logs!$B:$B, DB_Logs!$A:$A, CC$1, DB_Logs!$C:$C, $A19), "") -> 0 | CF19: =IF(OR(CG19="", CH19=""), "", (FLOOR(CH19, "1:00") - CEILING(CG19 - "00:10", "1:00") + (FLOOR(CH19, "1:00") < CEILING(CG19 - "00:10", "1:00"))) * 24) -> 0 | CG19: =IFERROR(MINIFS(DB_Logs!$B:$B, DB_Logs!$A:$A, CF$1, DB_Logs!$C:$C, $A19), "") -> 0 | CH19: =IFERROR(MAXIFS(DB_Logs!$B:$B, DB_Logs!$A:$A, CF$1, DB_Logs!$C:$C, $A19), "") -> 0 | CI19: =IF(OR(CJ19="", CK19=""), "", (FLOOR(CK19, "1:00") - CEILING(CJ19 - "00:10", "1:00") + (FLOOR(CK19, "1:00") < CEILING(CJ19 - "00:10", "1:00"))) * 24) -> 0 | CJ19: =IFERROR(MINIFS(DB_Logs!$B:$B, DB_Logs!$A:$A, CI$1, DB_Logs!$C:$C, $A19), "") -> 0 | CK19: =IFERROR(MAXIFS(DB_Logs!$B:$B, DB_Logs!$A:$A, CI$1, DB_Logs!$C:$C, $A19), "") -> 0 | CL19: =IF(OR(CM19="", CN19=""), "", (FLOOR(CN19, "1:00") - CEILING(CM19 - "00:10", "1:00") + (FLOOR(CN19, "1:00") < CEILING(CM19 - "00:10", "1:00"))) * 24) -> 0 | CM19: =IFERROR(MINIFS(DB_Logs!$B:$B, DB_Logs!$A:$A, CL$1, DB_Logs!$C:$C, $A19), "") -> 0 | CN19: =IFERROR(MAXIFS(DB_Logs!$B:$B, DB_Logs!$A:$A, CL$1, DB_Logs!$C:$C, $A19), "") -> 0 | CO19: =IF(OR(CP19="", CQ19=""), "", (FLOOR(CQ19, "1:00") - CEILING(CP19 - "00:10", "1:00") + (FLOOR(CQ19, "1:00") < CEILING(CP19 - "00:10", "1:00"))) * 24) -> 0 | CP19: =IFERROR(MINIFS(DB_Logs!$B:$B, DB_Logs!$A:$A, CO$1, DB_Logs!$C:$C, $A19), "") -> 0 | CQ19: =IFERROR(MAXIFS(DB_Logs!$B:$B, DB_Logs!$A:$A, CO$1, DB_Logs!$C:$C, $A19), "") -> 0
A20: Сотрудник 18 | B20: =SUMIF($2:$2, "Часы", 20:20) -> 0 | C20: =IF(OR(D20="", E20=""), "", (FLOOR(E20, "1:00") - CEILING(D20 - "00:10", "1:00") + (FLOOR(E20, "1:00") < CEILING(D20 - "00:10", "1:00"))) * 24) -> 0 | D20: =IFERROR(MINIFS(DB_Logs!$B:$B, DB_Logs!$A:$A, C$1, DB_Logs!$C:$C, $A20), "") -> 0 | E20: =IFERROR(MAXIFS(DB_Logs!$B:$B, DB_Logs!$A:$A, C$1, DB_Logs!$C:$C, $A20), "") -> 0 | F20: =IF(OR(G20="", H20=""), "", (FLOOR(H20, "1:00") - CEILING(G20 - "00:10", "1:00") + (FLOOR(H20, "1:00") < CEILING(G20 - "00:10", "1:00"))) * 24) -> 0 | G20: =IFERROR(MINIFS(DB_Logs!$B:$B, DB_Logs!$A:$A, F$1, DB_Logs!$C:$C, $A20), "") -> 0 | H20: =IFERROR(MAXIFS(DB_Logs!$B:$B, DB_Logs!$A:$A, F$1, DB_Logs!$C:$C, $A20), "") -> 0 | I20: =IF(OR(J20="", K20=""), "", (FLOOR(K20, "1:00") - CEILING(J20 - "00:10", "1:00") + (FLOOR(K20, "1:00") < CEILING(J20 - "00:10", "1:00"))) * 24) -> 0 | J20: =IFERROR(MINIFS(DB_Logs!$B:$B, DB_Logs!$A:$A, I$1, DB_Logs!$C:$C, $A20), "") -> 0 | K20: =IFERROR(MAXIFS(DB_Logs!$B:$B, DB_Logs!$A:$A, I$1, DB_Logs!$C:$C, $A20), "") -> 0 | L20: =IF(OR(M20="", N20=""), "", (FLOOR(N20, "1:00") - CEILING(M20 - "00:10", "1:00") + (FLOOR(N20, "1:00") < CEILING(M20 - "00:10", "1:00"))) * 24) -> 0 | M20: =IFERROR(MINIFS(DB_Logs!$B:$B, DB_Logs!$A:$A, L$1, DB_Logs!$C:$C, $A20), "") -> 0 | N20: =IFERROR(MAXIFS(DB_Logs!$B:$B, DB_Logs!$A:$A, L$1, DB_Logs!$C:$C, $A20), "") -> 0 | O20: =IF(OR(P20="", Q20=""), "", (FLOOR(Q20, "1:00") - CEILING(P20 - "00:10", "1:00") + (FLOOR(Q20, "1:00") < CEILING(P20 - "00:10", "1:00"))) * 24) -> 0 | P20: =IFERROR(MINIFS(DB_Logs!$B:$B, DB_Logs!$A:$A, O$1, DB_Logs!$C:$C, $A20), "") -> 0 | Q20: =IFERROR(MAXIFS(DB_Logs!$B:$B, DB_Logs!$A:$A, O$1, DB_Logs!$C:$C, $A20), "") -> 0 | R20: =IF(OR(S20="", T20=""), "", (FLOOR(T20, "1:00") - CEILING(S20 - "00:10", "1:00") + (FLOOR(T20, "1:00") < CEILING(S20 - "00:10", "1:00"))) * 24) -> 0 | S20: =IFERROR(MINIFS(DB_Logs!$B:$B, DB_Logs!$A:$A, R$1, DB_Logs!$C:$C, $A20), "") -> 0 | T20: =IFERROR(MAXIFS(DB_Logs!$B:$B, DB_Logs!$A:$A, R$1, DB_Logs!$C:$C, $A20), "") -> 0 | U20: =IF(OR(V20="", W20=""), "", (FLOOR(W20, "1:00") - CEILING(V20 - "00:10", "1:00") + (FLOOR(W20, "1:00") < CEILING(V20 - "00:10", "1:00"))) * 24) -> 0 | V20: =IFERROR(MINIFS(DB_Logs!$B:$B, DB_Logs!$A:$A, U$1, DB_Logs!$C:$C, $A20), "") -> 0 | W20: =IFERROR(MAXIFS(DB_Logs!$B:$B, DB_Logs!$A:$A, U$1, DB_Logs!$C:$C, $A20), "") -> 0 | X20: =IF(OR(Y20="", Z20=""), "", (FLOOR(Z20, "1:00") - CEILING(Y20 - "00:10", "1:00") + (FLOOR(Z20, "1:00") < CEILING(Y20 - "00:10", "1:00"))) * 24) -> 0 | Y20: =IFERROR(MINIFS(DB_Logs!$B:$B, DB_Logs!$A:$A, X$1, DB_Logs!$C:$C, $A20), "") -> 0 | Z20: =IFERROR(MAXIFS(DB_Logs!$B:$B, DB_Logs!$A:$A, X$1, DB_Logs!$C:$C, $A20), "") -> 0 | AA20: =IF(OR(AB20="", AC20=""), "", (FLOOR(AC20, "1:00") - CEILING(AB20 - "00:10", "1:00") + (FLOOR(AC20, "1:00") < CEILING(AB20 - "00:10", "1:00"))) * 24) -> 0 | AB20: =IFERROR(MINIFS(DB_Logs!$B:$B, DB_Logs!$A:$A, AA$1, DB_Logs!$C:$C, $A20), "") -> 0 | AC20: =IFERROR(MAXIFS(DB_Logs!$B:$B, DB_Logs!$A:$A, AA$1, DB_Logs!$C:$C, $A20), "") -> 0 | AD20: =IF(OR(AE20="", AF20=""), "", (FLOOR(AF20, "1:00") - CEILING(AE20 - "00:10", "1:00") + (FLOOR(AF20, "1:00") < CEILING(AE20 - "00:10", "1:00"))) * 24) -> 0 | AE20: =IFERROR(MINIFS(DB_Logs!$B:$B, DB_Logs!$A:$A, AD$1, DB_Logs!$C:$C, $A20), "") -> 0 | AF20: =IFERROR(MAXIFS(DB_Logs!$B:$B, DB_Logs!$A:$A, AD$1, DB_Logs!$C:$C, $A20), "") -> 0 | AG20: =IF(OR(AH20="", AI20=""), "", (FLOOR(AI20, "1:00") - CEILING(AH20 - "00:10", "1:00") + (FLOOR(AI20, "1:00") < CEILING(AH20 - "00:10", "1:00"))) * 24) -> 0 | AH20: =IFERROR(MINIFS(DB_Logs!$B:$B, DB_Logs!$A:$A, AG$1, DB_Logs!$C:$C, $A20), "") -> 0 | AI20: =IFERROR(MAXIFS(DB_Logs!$B:$B, DB_Logs!$A:$A, AG$1, DB_Logs!$C:$C, $A20), "") -> 0 | AJ20: =IF(OR(AK20="", AL20=""), "", (FLOOR(AL20, "1:00") - CEILING(AK20 - "00:10", "1:00") + (FLOOR(AL20, "1:00") < CEILING(AK20 - "00:10", "1:00"))) * 24) -> 0 | AK20: =IFERROR(MINIFS(DB_Logs!$B:$B, DB_Logs!$A:$A, AJ$1, DB_Logs!$C:$C, $A20), "") -> 0 | AL20: =IFERROR(MAXIFS(DB_Logs!$B:$B, DB_Logs!$A:$A, AJ$1, DB_Logs!$C:$C, $A20), "") -> 0 | AM20: =IF(OR(AN20="", AO20=""), "", (FLOOR(AO20, "1:00") - CEILING(AN20 - "00:10", "1:00") + (FLOOR(AO20, "1:00") < CEILING(AN20 - "00:10", "1:00"))) * 24) -> 0 | AN20: =IFERROR(MINIFS(DB_Logs!$B:$B, DB_Logs!$A:$A, AM$1, DB_Logs!$C:$C, $A20), "") -> 0 | AO20: =IFERROR(MAXIFS(DB_Logs!$B:$B, DB_Logs!$A:$A, AM$1, DB_Logs!$C:$C, $A20), "") -> 0 | AP20: =IF(OR(AQ20="", AR20=""), "", (FLOOR(AR20, "1:00") - CEILING(AQ20 - "00:10", "1:00") + (FLOOR(AR20, "1:00") < CEILING(AQ20 - "00:10", "1:00"))) * 24) -> 0 | AQ20: =IFERROR(MINIFS(DB_Logs!$B:$B, DB_Logs!$A:$A, AP$1, DB_Logs!$C:$C, $A20), "") -> 0 | AR20: =IFERROR(MAXIFS(DB_Logs!$B:$B, DB_Logs!$A:$A, AP$1, DB_Logs!$C:$C, $A20), "") -> 0 | AS20: =IF(OR(AT20="", AU20=""), "", (FLOOR(AU20, "1:00") - CEILING(AT20 - "00:10", "1:00") + (FLOOR(AU20, "1:00") < CEILING(AT20 - "00:10", "1:00"))) * 24) -> 0 | AT20: =IFERROR(MINIFS(DB_Logs!$B:$B, DB_Logs!$A:$A, AS$1, DB_Logs!$C:$C, $A20), "") -> 0 | AU20: =IFERROR(MAXIFS(DB_Logs!$B:$B, DB_Logs!$A:$A, AS$1, DB_Logs!$C:$C, $A20), "") -> 0 | AV20: =IF(OR(AW20="", AX20=""), "", (FLOOR(AX20, "1:00") - CEILING(AW20 - "00:10", "1:00") + (FLOOR(AX20, "1:00") < CEILING(AW20 - "00:10", "1:00"))) * 24) -> 0 | AW20: =IFERROR(MINIFS(DB_Logs!$B:$B, DB_Logs!$A:$A, AV$1, DB_Logs!$C:$C, $A20), "") -> 0 | AX20: =IFERROR(MAXIFS(DB_Logs!$B:$B, DB_Logs!$A:$A, AV$1, DB_Logs!$C:$C, $A20), "") -> 0 | AY20: =IF(OR(AZ20="", BA20=""), "", (FLOOR(BA20, "1:00") - CEILING(AZ20 - "00:10", "1:00") + (FLOOR(BA20, "1:00") < CEILING(AZ20 - "00:10", "1:00"))) * 24) -> 0 | AZ20: =IFERROR(MINIFS(DB_Logs!$B:$B, DB_Logs!$A:$A, AY$1, DB_Logs!$C:$C, $A20), "") -> 0 | BA20: =IFERROR(MAXIFS(DB_Logs!$B:$B, DB_Logs!$A:$A, AY$1, DB_Logs!$C:$C, $A20), "") -> 0 | BB20: =IF(OR(BC20="", BD20=""), "", (FLOOR(BD20, "1:00") - CEILING(BC20 - "00:10", "1:00") + (FLOOR(BD20, "1:00") < CEILING(BC20 - "00:10", "1:00"))) * 24) -> 0 | BC20: =IFERROR(MINIFS(DB_Logs!$B:$B, DB_Logs!$A:$A, BB$1, DB_Logs!$C:$C, $A20), "") -> 0 | BD20: =IFERROR(MAXIFS(DB_Logs!$B:$B, DB_Logs!$A:$A, BB$1, DB_Logs!$C:$C, $A20), "") -> 0 | BE20: =IF(OR(BF20="", BG20=""), "", (FLOOR(BG20, "1:00") - CEILING(BF20 - "00:10", "1:00") + (FLOOR(BG20, "1:00") < CEILING(BF20 - "00:10", "1:00"))) * 24) -> 0 | BF20: =IFERROR(MINIFS(DB_Logs!$B:$B, DB_Logs!$A:$A, BE$1, DB_Logs!$C:$C, $A20), "") -> 0 | BG20: =IFERROR(MAXIFS(DB_Logs!$B:$B, DB_Logs!$A:$A, BE$1, DB_Logs!$C:$C, $A20), "") -> 0 | BH20: =IF(OR(BI20="", BJ20=""), "", (FLOOR(BJ20, "1:00") - CEILING(BI20 - "00:10", "1:00") + (FLOOR(BJ20, "1:00") < CEILING(BI20 - "00:10", "1:00"))) * 24) -> 0 | BI20: =IFERROR(MINIFS(DB_Logs!$B:$B, DB_Logs!$A:$A, BH$1, DB_Logs!$C:$C, $A20), "") -> 0 | BJ20: =IFERROR(MAXIFS(DB_Logs!$B:$B, DB_Logs!$A:$A, BH$1, DB_Logs!$C:$C, $A20), "") -> 0 | BK20: =IF(OR(BL20="", BM20=""), "", (FLOOR(BM20, "1:00") - CEILING(BL20 - "00:10", "1:00") + (FLOOR(BM20, "1:00") < CEILING(BL20 - "00:10", "1:00"))) * 24) -> 0 | BL20: =IFERROR(MINIFS(DB_Logs!$B:$B, DB_Logs!$A:$A, BK$1, DB_Logs!$C:$C, $A20), "") -> 0 | BM20: =IFERROR(MAXIFS(DB_Logs!$B:$B, DB_Logs!$A:$A, BK$1, DB_Logs!$C:$C, $A20), "") -> 0 | BN20: =IF(OR(BO20="", BP20=""), "", (FLOOR(BP20, "1:00") - CEILING(BO20 - "00:10", "1:00") + (FLOOR(BP20, "1:00") < CEILING(BO20 - "00:10", "1:00"))) * 24) -> 0 | BO20: =IFERROR(MINIFS(DB_Logs!$B:$B, DB_Logs!$A:$A, BN$1, DB_Logs!$C:$C, $A20), "") -> 0 | BP20: =IFERROR(MAXIFS(DB_Logs!$B:$B, DB_Logs!$A:$A, BN$1, DB_Logs!$C:$C, $A20), "") -> 0 | BQ20: =IF(OR(BR20="", BS20=""), "", (FLOOR(BS20, "1:00") - CEILING(BR20 - "00:10", "1:00") + (FLOOR(BS20, "1:00") < CEILING(BR20 - "00:10", "1:00"))) * 24) -> 0 | BR20: =IFERROR(MINIFS(DB_Logs!$B:$B, DB_Logs!$A:$A, BQ$1, DB_Logs!$C:$C, $A20), "") -> 0 | BS20: =IFERROR(MAXIFS(DB_Logs!$B:$B, DB_Logs!$A:$A, BQ$1, DB_Logs!$C:$C, $A20), "") -> 0 | BT20: =IF(OR(BU20="", BV20=""), "", (FLOOR(BV20, "1:00") - CEILING(BU20 - "00:10", "1:00") + (FLOOR(BV20, "1:00") < CEILING(BU20 - "00:10", "1:00"))) * 24) -> 0 | BU20: =IFERROR(MINIFS(DB_Logs!$B:$B, DB_Logs!$A:$A, BT$1, DB_Logs!$C:$C, $A20), "") -> 0 | BV20: =IFERROR(MAXIFS(DB_Logs!$B:$B, DB_Logs!$A:$A, BT$1, DB_Logs!$C:$C, $A20), "") -> 0 | BW20: =IF(OR(BX20="", BY20=""), "", (FLOOR(BY20, "1:00") - CEILING(BX20 - "00:10", "1:00") + (FLOOR(BY20, "1:00") < CEILING(BX20 - "00:10", "1:00"))) * 24) -> 0 | BX20: =IFERROR(MINIFS(DB_Logs!$B:$B, DB_Logs!$A:$A, BW$1, DB_Logs!$C:$C, $A20), "") -> 0 | BY20: =IFERROR(MAXIFS(DB_Logs!$B:$B, DB_Logs!$A:$A, BW$1, DB_Logs!$C:$C, $A20), "") -> 0 | BZ20: =IF(OR(CA20="", CB20=""), "", (FLOOR(CB20, "1:00") - CEILING(CA20 - "00:10", "1:00") + (FLOOR(CB20, "1:00") < CEILING(CA20 - "00:10", "1:00"))) * 24) -> 0 | CA20: =IFERROR(MINIFS(DB_Logs!$B:$B, DB_Logs!$A:$A, BZ$1, DB_Logs!$C:$C, $A20), "") -> 0 | CB20: =IFERROR(MAXIFS(DB_Logs!$B:$B, DB_Logs!$A:$A, BZ$1, DB_Logs!$C:$C, $A20), "") -> 0 | CC20: =IF(OR(CD20="", CE20=""), "", (FLOOR(CE20, "1:00") - CEILING(CD20 - "00:10", "1:00") + (FLOOR(CE20, "1:00") < CEILING(CD20 - "00:10", "1:00"))) * 24) -> 0 | CD20: =IFERROR(MINIFS(DB_Logs!$B:$B, DB_Logs!$A:$A, CC$1, DB_Logs!$C:$C, $A20), "") -> 0 | CE20: =IFERROR(MAXIFS(DB_Logs!$B:$B, DB_Logs!$A:$A, CC$1, DB_Logs!$C:$C, $A20), "") -> 0 | CF20: =IF(OR(CG20="", CH20=""), "", (FLOOR(CH20, "1:00") - CEILING(CG20 - "00:10", "1:00") + (FLOOR(CH20, "1:00") < CEILING(CG20 - "00:10", "1:00"))) * 24) -> 0 | CG20: =IFERROR(MINIFS(DB_Logs!$B:$B, DB_Logs!$A:$A, CF$1, DB_Logs!$C:$C, $A20), "") -> 0 | CH20: =IFERROR(MAXIFS(DB_Logs!$B:$B, DB_Logs!$A:$A, CF$1, DB_Logs!$C:$C, $A20), "") -> 0 | CI20: =IF(OR(CJ20="", CK20=""), "", (FLOOR(CK20, "1:00") - CEILING(CJ20 - "00:10", "1:00") + (FLOOR(CK20, "1:00") < CEILING(CJ20 - "00:10", "1:00"))) * 24) -> 0 | CJ20: =IFERROR(MINIFS(DB_Logs!$B:$B, DB_Logs!$A:$A, CI$1, DB_Logs!$C:$C, $A20), "") -> 0 | CK20: =IFERROR(MAXIFS(DB_Logs!$B:$B, DB_Logs!$A:$A, CI$1, DB_Logs!$C:$C, $A20), "") -> 0 | CL20: =IF(OR(CM20="", CN20=""), "", (FLOOR(CN20, "1:00") - CEILING(CM20 - "00:10", "1:00") + (FLOOR(CN20, "1:00") < CEILING(CM20 - "00:10", "1:00"))) * 24) -> 0 | CM20: =IFERROR(MINIFS(DB_Logs!$B:$B, DB_Logs!$A:$A, CL$1, DB_Logs!$C:$C, $A20), "") -> 0 | CN20: =IFERROR(MAXIFS(DB_Logs!$B:$B, DB_Logs!$A:$A, CL$1, DB_Logs!$C:$C, $A20), "") -> 0 | CO20: =IF(OR(CP20="", CQ20=""), "", (FLOOR(CQ20, "1:00") - CEILING(CP20 - "00:10", "1:00") + (FLOOR(CQ20, "1:00") < CEILING(CP20 - "00:10", "1:00"))) * 24) -> 0 | CP20: =IFERROR(MINIFS(DB_Logs!$B:$B, DB_Logs!$A:$A, CO$1, DB_Logs!$C:$C, $A20), "") -> 0 | CQ20: =IFERROR(MAXIFS(DB_Logs!$B:$B, DB_Logs!$A:$A, CO$1, DB_Logs!$C:$C, $A20), "") -> 0
